Start Time,Stop Time,Duration,Distance (nm),Max Speed,Avg Speed,Run/Idle
1/1/2024 0:00,12:26 am,0:25:58,6,17.8,13.3,run
1/1/2024 0:26,2:01 am,1:34:26,,,,idle
1/1/2024 2:01,2:03 am,0:02:47,0.2,5.9,3.6,run
1/1/2024 2:03,2:09 am,0:06:00,,,,idle
1/1/2024 2:09,3:43 am,1:34:00,14,18.9,8.8,run
1/1/2024 3:43,3:47 am,0:04:00,,,,idle
1/1/2024 3:47,3:52 am,0:05:00,0.2,2.7,1.9,run
1/1/2024 3:52,5:47 am,1:55:00,,,,idle
1/1/2024 5:47,5:48 am,0:01:00,0,0,0.3,run
1/1/2024 5:48,6:31 am,0:43:00,,,,idle
1/1/2024 6:31,6:51 am,0:19:40,5,18.4,13.8,run
1/1/2024 6:51,6:54 am,0:03:00,,,,idle
1/1/2024 6:54,7:18 am,0:23:44,5,18.4,12.4,run
1/1/2024 7:18,7:21 am,0:03:00,,,,idle
1/1/2024 7:21,7:22 am,0:01:00,0,0,0.3,run
1/1/2024 7:22,7:27 am,0:05:00,,,,idle
1/1/2024 7:27,7:52 am,0:24:49,2,17.8,4.4,run
1/1/2024 7:52,7:58 am,0:06:35,,,,idle
1/1/2024 7:58,7:59 am,0:01:00,0,0,0.1,run
1/1/2024 7:59,8:05 am,0:06:00,,,,idle
1/1/2024 8:05,8:18 am,0:12:31,1,17.8,6.8,run
1/1/2024 8:18,8:35 am,0:17:30,,,,idle
1/1/2024 8:35,8:36 am,0:01:00,0,0,0.2,run
1/1/2024 8:36,8:56 am,0:20:00,,,,idle
1/1/2024 8:56,8:57 am,0:01:00,0,0,0.2,run
1/1/2024 8:57,9:14 am,0:17:00,,,,idle
1/1/2024 9:14,9:21 am,0:06:18,0.2,7,1.8,run
1/1/2024 9:21,9:39 am,0:18:00,,,,idle
1/1/2024 9:39,10:34 am,0:55:37,7,18.4,7.6,run
1/1/2024 10:34,10:39 am,0:05:00,,,,idle
1/1/2024 10:39,10:40 am,0:01:00,0,0,0.3,run
1/1/2024 10:40,10:49 am,0:09:00,,,,idle
1/1/2024 10:49,10:50 am,0:01:00,0,0,0.3,run
1/1/2024 10:50,10:57 am,0:07:07,,,,idle
1/1/2024 10:57,12:07 pm,1:10:01,6,18.4,5.3,run
1/1/2024 12:07,12:10 pm,0:03:00,,,,idle
1/1/2024 12:10,12:45 pm,0:34:59,6,17.8,9.8,run
1/1/2024 12:45,12:52 pm,0:07:00,,,,idle
1/1/2024 12:52,1:01 pm,0:08:11,0.2,5.9,1.3,run
1/1/2024 13:01,1:34 pm,0:33:05,,,,idle
1/1/2024 13:34,2:41 pm,1:07:06,11,18.9,10,run
1/1/2024 14:41,2:47 pm,0:06:00,,,,idle
1/1/2024 14:47,3:44 pm,0:57:33,12,18.4,12.2,run
1/1/2024 15:44,3:47 pm,0:03:00,,,,idle
1/1/2024 15:47,4:20 pm,0:32:48,8,18.9,15.2,run
1/1/2024 16:20,4:27 pm,0:07:00,,,,idle
1/1/2024 16:27,4:29 pm,0:02:00,0,0,0.3,run
1/1/2024 16:29,4:33 pm,0:04:00,,,,idle
1/1/2024 16:33,6:29 pm,1:55:34,15,19.4,7.8,run
1/1/2024 18:29,7:02 pm,0:33:08,,,,idle
1/1/2024 19:02,8:51 pm,1:49:12,26,18.4,14,run
1/1/2024 20:51,8:57 pm,0:06:00,,,,idle
1/1/2024 20:57,9:00 pm,0:03:23,0.1,7.6,2.5,run
1/1/2024 21:00,9:18 pm,0:18:00,,,,idle
1/1/2024 21:18,9:19 pm,0:01:00,0,0,0.3,run
1/1/2024 21:19,9:43 pm,0:23:28,,,,idle
1/1/2024 21:43,10:40 pm,0:57:30,0,0,0,run
1/1/2024 22:40,10:42 pm,0:02:00,,,,idle
1/1/2024 22:42,10:46 pm,0:03:31,0.2,6.5,2.8,run
1/1/2024 22:46,10:51 pm,0:05:00,,,,idle
1/1/2024 22:51,11:37 pm,0:45:41,6,18.4,7.7,run
1/1/2024 23:37,11:43 pm,0:06:00,,,,idle
1/1/2024 23:43,11:59 pm,0:16:44,2,19.4,8.4,run
2/1/2024 0:00,12:20 am,0:20:00,4,21.1,10.6,run
2/1/2024 0:20,1:31 am,1:11:22,,,,idle
2/1/2024 1:31,1:35 am,0:04:00,0.1,4.3,1.4,run
2/1/2024 1:35,1:58 am,0:23:00,,,,idle
2/1/2024 1:58,2:48 am,0:49:37,9,18.4,11.3,run
2/1/2024 2:48,3:48 am,0:59:51,,,,idle
2/1/2024 3:48,4:48 am,1:00:00,0,0,0,run
2/1/2024 4:48,6:43 am,1:55:20,,,,idle
2/1/2024 6:43,6:52 am,0:09:00,0.1,1.1,0.3,run
2/1/2024 6:52,6:56 am,0:04:00,,,,idle
2/1/2024 6:56,6:57 am,0:01:00,0,0,0.3,run
2/1/2024 6:57,7:04 am,0:07:00,,,,idle
2/1/2024 7:04,7:58 am,0:53:17,9,18.9,9.6,run
2/1/2024 7:58,8:01 am,0:03:00,,,,idle
2/1/2024 8:01,8:23 am,0:22:54,2,17.3,4.2,run
2/1/2024 8:23,8:50 am,0:27:00,,,,idle
2/1/2024 8:50,8:58 am,0:07:47,0.4,6.5,3.2,run
2/1/2024 8:58,9:36 am,0:38:00,,,,idle
2/1/2024 9:36,9:42 am,0:06:07,0.2,5.9,1.7,run
2/1/2024 9:42,9:53 am,0:11:00,,,,idle
2/1/2024 9:53,10:46 am,0:52:27,6,18.4,6.9,run
2/1/2024 10:46,11:01 am,0:15:00,,,,idle
2/1/2024 11:01,11:10 am,0:08:48,1,17.8,8.7,run
2/1/2024 11:10,11:21 am,0:11:00,,,,idle
2/1/2024 11:21,1:46 pm,2:25:07,27,18.9,11,run
2/1/2024 13:46,1:53 pm,0:07:00,,,,idle
2/1/2024 13:53,2:05 pm,0:12:41,2,17.8,7.8,run
2/1/2024 14:05,2:30 pm,0:25:00,,,,idle
2/1/2024 14:30,3:03 pm,0:32:53,4,17.8,7,run
2/1/2024 15:03,3:06 pm,0:03:00,,,,idle
2/1/2024 15:06,3:15 pm,0:09:00,0,2.2,0.3,run
2/1/2024 15:15,3:27 pm,0:12:00,,,,idle
2/1/2024 15:27,5:00 pm,1:32:21,19,20,12.3,run
2/1/2024 17:00,5:06 pm,0:06:00,,,,idle
2/1/2024 17:06,6:20 pm,1:14:03,7,18.4,5.3,run
2/1/2024 18:20,6:23 pm,0:03:00,,,,idle
2/1/2024 18:23,6:46 pm,0:23:04,3,18.4,9,run
2/1/2024 18:46,7:19 pm,0:33:00,,,,idle
2/1/2024 19:19,7:33 pm,0:14:31,2,17.8,7.8,run
2/1/2024 19:33,7:36 pm,0:03:00,,,,idle
2/1/2024 19:36,9:22 pm,1:45:21,16,18.4,9,run
2/1/2024 21:22,9:32 pm,0:10:00,,,,idle
2/1/2024 21:32,11:59 pm,2:27:33,25,19.4,10.3,run
3/1/2024 0:00,12:06 am,0:05:56,0.3,6.5,2.6,run
3/1/2024 0:06,12:41 am,0:34:44,,,,idle
3/1/2024 0:41,1:13 am,0:31:45,6,18.9,11.1,run
3/1/2024 1:13,1:52 am,0:39:36,,,,idle
3/1/2024 1:52,7:25 am,5:33:07,27,20,4.8,run
3/1/2024 7:25,7:28 am,0:03:00,,,,idle
3/1/2024 7:28,7:43 am,0:14:48,1,16.2,4.4,run
3/1/2024 7:43,7:48 am,0:05:00,,,,idle
3/1/2024 7:48,7:54 am,0:05:30,0.8,17.3,9.3,run
3/1/2024 7:54,8:20 am,0:26:00,,,,idle
3/1/2024 8:20,9:15 am,0:55:06,12,19.4,12.7,run
3/1/2024 9:15,9:34 am,0:19:00,,,,idle
3/1/2024 9:34,9:35 am,0:01:00,0,0,0.3,run
3/1/2024 9:35,9:39 am,0:04:00,,,,idle
3/1/2024 9:39,11:22 am,1:43:41,13,17.8,7.4,run
3/1/2024 11:22,11:27 am,0:05:00,,,,idle
3/1/2024 11:27,11:28 am,0:01:00,0,0,0.2,run
3/1/2024 11:28,11:33 am,0:05:00,,,,idle
3/1/2024 11:33,12:29 pm,0:56:06,13,18.9,13.5,run
3/1/2024 12:29,12:45 pm,0:16:00,,,,idle
3/1/2024 12:45,12:50 pm,0:04:46,0.2,5.4,2.3,run
3/1/2024 12:50,1:00 pm,0:09:48,,,,idle
3/1/2024 13:00,1:03 pm,0:03:14,0.2,5.9,3.9,run
3/1/2024 13:03,1:06 pm,0:03:00,,,,idle
3/1/2024 13:06,1:28 pm,0:21:44,2,18.4,5.6,run
3/1/2024 13:28,1:34 pm,0:06:00,,,,idle
3/1/2024 13:34,1:39 pm,0:05:00,0.1,3.2,0.6,run
3/1/2024 13:39,1:43 pm,0:04:00,,,,idle
3/1/2024 13:43,2:02 pm,0:19:13,4,18.4,13.7,run
3/1/2024 14:02,2:05 pm,0:03:00,,,,idle
3/1/2024 14:05,3:34 pm,1:28:54,21,18.4,14.1,run
3/1/2024 15:34,3:38 pm,0:04:00,,,,idle
3/1/2024 15:38,3:55 pm,0:17:00,0.1,5.9,0.4,run
3/1/2024 15:55,3:58 pm,0:03:00,,,,idle
3/1/2024 15:58,3:59 pm,0:01:00,0,0,0.1,run
3/1/2024 15:59,4:03 pm,0:04:00,,,,idle
3/1/2024 16:03,5:42 pm,1:39:08,25,21.1,15,run
3/1/2024 17:42,5:45 pm,0:03:00,,,,idle
3/1/2024 17:45,6:47 pm,1:01:22,9,18.9,9.2,run
3/1/2024 18:47,6:53 pm,0:06:00,,,,idle
3/1/2024 18:53,7:52 pm,0:59:19,12,20,12.1,run
3/1/2024 19:52,8:03 pm,0:11:00,,,,idle
3/1/2024 20:03,8:07 pm,0:04:00,0,0,0.2,run
3/1/2024 20:07,8:11 pm,0:04:00,,,,idle
3/1/2024 20:11,8:57 pm,0:45:54,10,19.4,13.5,run
3/1/2024 20:57,9:15 pm,0:18:01,,,,idle
3/1/2024 21:15,11:04 pm,1:49:09,10,17.8,5.7,run
3/1/2024 23:04,11:09 pm,0:05:00,,,,idle
3/1/2024 23:09,11:59 pm,0:50:08,14,18.9,16.9,run
4/1/2024 0:00,2:38 am,2:37:57,15,18.4,5.8,run
4/1/2024 2:38,2:41 am,0:03:00,,,,idle
4/1/2024 2:41,2:44 am,0:03:15,0.2,5.9,3,run
4/1/2024 2:44,2:47 am,0:03:00,,,,idle
4/1/2024 2:47,6:59 am,4:12:09,15,20.5,3.5,run
4/1/2024 6:59,7:17 am,0:17:08,,,,idle
4/1/2024 7:17,7:43 am,0:26:15,2,13.5,4.2,run
4/1/2024 7:43,7:50 am,0:06:50,,,,idle
4/1/2024 7:50,9:31 am,1:41:21,0,0,0,run
4/1/2024 9:31,9:36 am,0:05:00,,,,idle
4/1/2024 9:36,10:11 am,0:35:06,7,18.9,11.3,run
4/1/2024 10:11,10:22 am,0:11:00,,,,idle
4/1/2024 10:22,11:21 am,0:59:09,10,18.4,9.7,run
4/1/2024 11:21,11:39 am,0:18:00,,,,idle
4/1/2024 11:39,11:40 am,0:01:00,0,0,0.3,run
4/1/2024 11:40,12:26 pm,0:46:00,,,,idle
4/1/2024 12:26,1:21 pm,0:54:34,9,18.4,10.3,run
4/1/2024 13:21,1:28 pm,0:07:00,,,,idle
4/1/2024 13:28,1:29 pm,0:01:00,0,0,0.3,run
4/1/2024 13:29,1:41 pm,0:12:00,,,,idle
4/1/2024 13:41,1:47 pm,0:06:00,0,0.5,0.1,run
4/1/2024 13:47,2:17 pm,0:30:00,,,,idle
4/1/2024 14:17,3:29 pm,1:12:28,15,18.4,12.7,run
4/1/2024 15:29,3:39 pm,0:10:00,,,,idle
4/1/2024 15:39,4:43 pm,1:03:33,2,17.8,1.6,run
4/1/2024 16:43,4:58 pm,0:15:00,,,,idle
4/1/2024 16:58,4:59 pm,0:01:00,0,0,0.2,run
4/1/2024 16:59,5:07 pm,0:08:00,,,,idle
4/1/2024 17:07,5:21 pm,0:13:40,2,18.4,7,run
4/1/2024 17:21,5:26 pm,0:05:00,,,,idle
4/1/2024 17:26,6:33 pm,1:07:18,11,21.1,9.7,run
4/1/2024 18:33,6:46 pm,0:13:00,,,,idle
4/1/2024 18:46,7:38 pm,0:52:31,4,17.8,4.9,run
4/1/2024 19:38,7:43 pm,0:04:59,,,,idle
4/1/2024 19:43,8:46 pm,1:02:11,8,18.9,7.4,run
4/1/2024 20:46,9:33 pm,0:47:00,,,,idle
4/1/2024 21:33,9:34 pm,0:01:00,0,0,0.3,run
4/1/2024 21:34,9:44 pm,0:10:00,,,,idle
4/1/2024 21:44,10:25 pm,0:41:55,5,18.4,7.4,run
4/1/2024 22:25,10:32 pm,0:07:00,,,,idle
4/1/2024 22:32,11:59 pm,1:26:53,11,19.4,7.3,run
5/1/2024 0:00,12:50 am,0:49:23,10,17.8,12.3,run
5/1/2024 0:50,12:55 am,0:05:00,,,,idle
5/1/2024 0:55,12:56 am,0:01:00,0,0,0.3,run
5/1/2024 0:56,1:04 am,0:08:00,,,,idle
5/1/2024 1:04,1:05 am,0:01:00,0,0,0.3,run
5/1/2024 1:05,1:34 am,0:29:00,,,,idle
5/1/2024 1:34,1:35 am,0:01:00,0,0,0.3,run
5/1/2024 1:35,1:59 am,0:24:00,,,,idle
5/1/2024 1:59,2:00 am,0:01:00,0,0,0.3,run
5/1/2024 2:00,2:06 am,0:06:00,,,,idle
5/1/2024 2:06,2:58 am,0:52:26,9,19.4,10.2,run
5/1/2024 2:58,4:52 am,1:54:01,,,,idle
5/1/2024 4:52,4:53 am,0:01:00,0,0,0.3,run
5/1/2024 4:53,5:59 am,1:06:01,,,,idle
5/1/2024 5:59,6:03 am,0:04:00,0.2,5.4,3.3,run
5/1/2024 6:03,6:11 am,0:08:00,,,,idle
5/1/2024 6:11,6:54 am,0:42:21,9,19.4,12.8,run
5/1/2024 6:54,8:11 am,1:17:00,,,,idle
5/1/2024 8:11,8:12 am,0:01:00,0,0,0.3,run
5/1/2024 8:12,8:27 am,0:15:00,,,,idle
5/1/2024 8:27,8:28 am,0:01:00,0,0,0.3,run
5/1/2024 8:28,8:32 am,0:04:00,,,,idle
5/1/2024 8:32,8:46 am,0:14:19,3,18.9,10.9,run
5/1/2024 8:46,8:51 am,0:05:00,,,,idle
5/1/2024 8:51,9:35 am,0:43:51,0.9,7,1.2,run
5/1/2024 9:35,9:40 am,0:05:00,,,,idle
5/1/2024 9:40,9:51 am,0:11:16,0.4,5.9,2.2,run
5/1/2024 9:51,10:02 am,0:11:00,,,,idle
5/1/2024 10:02,10:03 am,0:01:00,0,0,0.1,run
5/1/2024 10:03,10:08 am,0:05:00,,,,idle
5/1/2024 10:08,10:11 am,0:03:05,0.2,5.9,3.4,run
5/1/2024 10:11,10:24 am,0:13:00,,,,idle
5/1/2024 10:24,10:33 am,0:09:07,0.2,6.5,1.2,run
5/1/2024 10:33,10:39 am,0:06:00,,,,idle
5/1/2024 10:39,10:40 am,0:01:00,0,0,0.3,run
5/1/2024 10:40,10:55 am,0:15:00,,,,idle
5/1/2024 10:55,10:56 am,0:01:00,0,0,0.3,run
5/1/2024 10:56,11:02 am,0:06:00,,,,idle
5/1/2024 11:02,12:03 pm,1:01:18,9,17.3,8.9,run
5/1/2024 12:03,12:06 pm,0:03:00,,,,idle
5/1/2024 12:06,12:48 pm,0:41:27,8,17.8,12,run
5/1/2024 12:48,1:40 pm,0:52:00,,,,idle
5/1/2024 13:40,1:44 pm,0:04:35,0.2,5.9,2.2,run
5/1/2024 13:44,1:48 pm,0:04:00,,,,idle
5/1/2024 13:48,2:24 pm,0:35:35,7,16.7,11.2,run
5/1/2024 14:24,2:28 pm,0:04:00,,,,idle
5/1/2024 14:28,2:44 pm,0:16:16,0.5,16.2,1.8,run
5/1/2024 14:44,2:47 pm,0:03:00,,,,idle
5/1/2024 14:47,2:48 pm,0:01:00,0,0,0.3,run
5/1/2024 14:48,2:51 pm,0:03:00,,,,idle
5/1/2024 14:51,2:55 pm,0:03:42,0,6.5,0.7,run
5/1/2024 14:55,3:02 pm,0:07:00,,,,idle
5/1/2024 15:02,3:03 pm,0:01:00,0,0,0.2,run
5/1/2024 15:03,3:07 pm,0:04:00,,,,idle
5/1/2024 15:07,3:08 pm,0:01:00,0,0,0.1,run
5/1/2024 15:08,3:13 pm,0:05:00,,,,idle
5/1/2024 15:13,3:43 pm,0:30:22,6,17.8,12.4,run
5/1/2024 15:43,4:35 pm,0:52:01,,,,idle
5/1/2024 16:35,4:36 pm,0:01:00,0,0,0.3,run
5/1/2024 16:36,4:49 pm,0:13:00,,,,idle
5/1/2024 16:49,7:09 pm,2:19:18,28,18.9,11.9,run
5/1/2024 19:09,7:12 pm,0:03:00,,,,idle
5/1/2024 19:12,7:21 pm,0:09:08,1,16.7,8.5,run
5/1/2024 19:21,7:35 pm,0:14:00,,,,idle
5/1/2024 19:35,9:14 pm,1:38:57,15,17.8,9.3,run
5/1/2024 21:14,9:17 pm,0:03:00,,,,idle
5/1/2024 21:17,11:32 pm,2:15:27,31,17.8,13.9,run
5/1/2024 23:32,11:36 pm,0:04:00,,,,idle
5/1/2024 23:36,11:37 pm,0:01:00,0,0,0.3,run
5/1/2024 23:37,11:59 pm,0:22:00,,,,idle
6/1/2024 0:00,12:10 am,0:10:00,,,,idle
6/1/2024 0:10,12:11 am,0:01:00,0,0,0.3,run
6/1/2024 0:11,12:45 am,0:34:00,,,,idle
6/1/2024 0:45,1:50 am,1:04:17,8,18.9,7.1,run
6/1/2024 1:50,1:53 am,0:03:00,,,,idle
6/1/2024 1:53,2:37 am,0:44:49,6,17.3,7.8,run
6/1/2024 2:37,2:52 am,0:15:00,,,,idle
6/1/2024 2:52,2:57 am,0:05:00,0.1,2.7,0.7,run
6/1/2024 2:57,3:01 am,0:04:00,,,,idle
6/1/2024 3:01,3:05 am,0:04:00,0.1,4.9,2.1,run
6/1/2024 3:05,3:20 am,0:15:00,,,,idle
6/1/2024 3:20,3:21 am,0:01:00,0,0,0.3,run
6/1/2024 3:21,3:51 am,0:30:00,,,,idle
6/1/2024 3:51,5:29 am,1:37:54,16,20.5,10,run
6/1/2024 5:29,5:54 am,0:25:00,,,,idle
6/1/2024 5:54,5:55 am,0:01:00,0,0,0.3,run
6/1/2024 5:55,6:19 am,0:24:00,,,,idle
6/1/2024 6:19,7:44 am,1:24:17,17,18.9,12.2,run
6/1/2024 7:44,8:04 am,0:20:00,,,,idle
6/1/2024 8:04,8:05 am,0:01:00,0,0,0.3,run
6/1/2024 8:05,8:45 am,0:40:00,,,,idle
6/1/2024 8:45,8:48 am,0:03:00,0,0.5,0.2,run
6/1/2024 8:48,8:51 am,0:03:00,,,,idle
6/1/2024 8:51,8:54 am,0:03:00,0,0,0.2,run
6/1/2024 8:54,9:00 am,0:06:00,,,,idle
6/1/2024 9:00,9:01 am,0:01:00,0,0,0.3,run
6/1/2024 9:01,9:11 am,0:10:00,,,,idle
6/1/2024 9:11,9:12 am,0:01:00,0,0,0.2,run
6/1/2024 9:12,9:22 am,0:10:00,,,,idle
6/1/2024 9:22,9:39 am,0:17:01,0.2,4.9,0.8,run
6/1/2024 9:39,9:42 am,0:03:00,,,,idle
6/1/2024 9:42,11:08 am,1:26:21,10,18.4,6.6,run
6/1/2024 11:08,11:22 am,0:14:00,,,,idle
6/1/2024 11:22,11:23 am,0:01:00,0,0,0.3,run
6/1/2024 11:23,11:54 am,0:31:01,,,,idle
6/1/2024 11:54,11:55 am,0:01:00,0,0,0.2,run
6/1/2024 11:55,12:15 pm,0:20:00,,,,idle
6/1/2024 12:15,12:16 pm,0:01:00,0,0,0.3,run
6/1/2024 12:16,12:35 pm,0:19:00,,,,idle
6/1/2024 12:35,12:36 pm,0:01:00,0,0,0.3,run
6/1/2024 12:36,1:02 pm,0:25:53,,,,idle
6/1/2024 13:02,3:51 pm,2:49:31,13,17.3,4.8,run
6/1/2024 15:51,3:54 pm,0:03:00,,,,idle
6/1/2024 15:54,3:55 pm,0:01:00,0,0,0.3,run
6/1/2024 15:55,5:48 pm,1:52:42,,,,idle
6/1/2024 17:48,6:42 pm,0:54:08,10,18.4,10.9,run
6/1/2024 18:42,6:45 pm,0:02:37,,,,idle
6/1/2024 18:45,8:46 pm,2:01:41,13,18.4,6.4,run
6/1/2024 20:46,8:49 pm,0:03:00,,,,idle
6/1/2024 20:49,8:53 pm,0:04:00,0.2,4.9,2.4,run
6/1/2024 20:53,8:56 pm,0:03:00,,,,idle
6/1/2024 20:56,8:57 pm,0:01:00,0,0,0.3,run
6/1/2024 20:57,10:21 pm,1:24:00,,,,idle
6/1/2024 22:21,10:22 pm,0:01:00,0,0,0.3,run
6/1/2024 22:22,11:38 pm,1:16:00,,,,idle
6/1/2024 23:38,11:39 pm,0:01:00,0,0,0.3,run
6/1/2024 23:39,11:59 pm,0:20:00,,,,idle
7/1/2024 0:00,12:08 am,0:08:00,,,,idle
7/1/2024 0:08,12:09 am,0:01:00,0,0,0.3,run
7/1/2024 0:09,12:12 am,0:03:00,,,,idle
7/1/2024 0:12,12:13 am,0:01:00,0,0,0.3,run
7/1/2024 0:13,12:20 am,0:07:01,,,,idle
7/1/2024 0:20,12:21 am,0:01:00,0,0,0.3,run
7/1/2024 0:21,12:53 am,0:32:00,,,,idle
7/1/2024 0:53,12:54 am,0:01:00,0,0,0.3,run
7/1/2024 0:54,1:23 am,0:29:00,,,,idle
7/1/2024 1:23,1:24 am,0:01:00,0,0,0.3,run
7/1/2024 1:24,2:07 am,0:43:00,,,,idle
7/1/2024 2:07,2:08 am,0:01:00,0,0,0.3,run
7/1/2024 2:08,3:10 am,1:02:00,,,,idle
7/1/2024 3:10,3:11 am,0:01:00,0,0,0.3,run
7/1/2024 3:11,5:28 am,2:17:00,,,,idle
7/1/2024 5:28,5:31 am,0:03:00,0,1.1,0.3,run
7/1/2024 5:31,5:56 am,0:25:00,,,,idle
7/1/2024 5:56,5:57 am,0:01:00,0,0,0.3,run
7/1/2024 5:57,6:03 am,0:06:00,,,,idle
7/1/2024 6:03,6:04 am,0:01:00,0,0,0.3,run
7/1/2024 6:04,6:41 am,0:37:00,,,,idle
7/1/2024 6:41,6:42 am,0:01:00,0,0,0.3,run
7/1/2024 6:42,6:46 am,0:04:00,,,,idle
7/1/2024 6:46,6:47 am,0:01:00,0,0,0.3,run
7/1/2024 6:47,7:22 am,0:34:12,,,,idle
7/1/2024 7:22,7:50 am,0:28:00,0,0,0.1,run
7/1/2024 7:50,8:14 am,0:24:00,,,,idle
7/1/2024 8:14,8:15 am,0:01:00,0,0,0.3,run
7/1/2024 8:15,8:18 am,0:03:00,,,,idle
7/1/2024 8:18,8:19 am,0:01:00,0,0,0.3,run
7/1/2024 8:19,8:30 am,0:11:00,,,,idle
7/1/2024 8:30,8:35 am,0:05:00,0,0,0.2,run
7/1/2024 8:35,8:43 am,0:08:00,,,,idle
7/1/2024 8:43,8:44 am,0:01:00,0,0,0.3,run
7/1/2024 8:44,8:54 am,0:10:00,,,,idle
7/1/2024 8:54,8:55 am,0:01:00,0,0,0.3,run
7/1/2024 8:55,9:07 am,0:12:00,,,,idle
7/1/2024 9:07,9:11 am,0:04:00,0,0,0.2,run
7/1/2024 9:11,9:15 am,0:04:00,,,,idle
7/1/2024 9:15,9:16 am,0:01:00,0,0,0.3,run
7/1/2024 9:16,9:31 am,0:15:00,,,,idle
7/1/2024 9:31,9:35 am,0:04:00,0.1,3.8,1,run
7/1/2024 9:35,9:41 am,0:06:00,,,,idle
7/1/2024 9:41,9:50 am,0:09:00,0.2,4.3,1.1,run
7/1/2024 9:50,10:04 am,0:14:00,,,,idle
7/1/2024 10:04,11:22 am,1:18:07,10,18.4,7.3,run
7/1/2024 11:22,11:24 am,0:02:18,,,,idle
7/1/2024 11:24,12:00 pm,0:35:58,0.1,5.9,0.2,run
7/1/2024 12:00,12:06 pm,0:06:00,,,,idle
7/1/2024 12:06,12:48 pm,0:41:29,8,17.3,11,run
7/1/2024 12:48,12:51 pm,0:03:00,,,,idle
7/1/2024 12:51,1:28 pm,0:37:03,5,17.8,8.9,run
7/1/2024 13:28,1:41 pm,0:13:49,,,,idle
7/1/2024 13:41,1:46 pm,0:04:38,0.2,7,2.9,run
7/1/2024 13:46,1:49 pm,0:03:00,,,,idle
7/1/2024 13:49,3:22 pm,1:32:49,12,18.9,7.6,run
7/1/2024 15:22,3:32 pm,0:10:00,,,,idle
7/1/2024 15:32,3:34 pm,0:02:00,0,0,0.3,run
7/1/2024 15:34,3:38 pm,0:04:00,,,,idle
7/1/2024 15:38,3:39 pm,0:01:00,0,0,0.3,run
7/1/2024 15:39,4:30 pm,0:51:00,,,,idle
7/1/2024 16:30,4:31 pm,0:01:00,0,0,0.3,run
7/1/2024 16:31,4:49 pm,0:18:00,,,,idle
7/1/2024 16:49,4:50 pm,0:01:00,0,0,0.3,run
7/1/2024 16:50,5:04 pm,0:14:00,,,,idle
7/1/2024 17:04,5:05 pm,0:01:00,0,0,0.3,run
7/1/2024 17:05,5:43 pm,0:38:00,,,,idle
7/1/2024 17:43,5:44 pm,0:01:00,0,0,0.3,run
7/1/2024 17:44,5:55 pm,0:11:00,,,,idle
7/1/2024 17:55,5:56 pm,0:01:00,0,0,0.3,run
7/1/2024 17:56,6:35 pm,0:39:00,,,,idle
7/1/2024 18:35,8:33 pm,1:57:56,27,18.9,13.6,run
7/1/2024 20:33,8:47 pm,0:14:00,,,,idle
7/1/2024 20:47,11:59 pm,3:12:11,46,18.9,14.4,run
8/1/2024 0:00,12:16 am,0:16:27,2,16.7,7.9,run
8/1/2024 0:16,12:29 am,0:13:00,,,,idle
8/1/2024 0:29,12:30 am,0:01:00,0,0,0.3,run
8/1/2024 0:30,12:47 am,0:17:00,,,,idle
8/1/2024 0:47,12:48 am,0:01:00,0,0,0.3,run
8/1/2024 0:48,12:56 am,0:08:00,,,,idle
8/1/2024 0:56,12:57 am,0:01:00,0,0,0.3,run
8/1/2024 0:57,1:06 am,0:09:00,,,,idle
8/1/2024 1:06,2:10 am,1:03:33,10,18.4,9.4,run
8/1/2024 2:10,5:24 am,3:13:58,,,,idle
8/1/2024 5:24,8:25 am,3:01:33,38,19.4,12.5,run
8/1/2024 8:25,8:49 am,0:24:00,,,,idle
8/1/2024 8:49,9:04 am,0:14:45,1,17.8,5.4,run
8/1/2024 9:04,9:12 am,0:08:00,,,,idle
8/1/2024 9:12,9:13 am,0:01:00,0,0,0.1,run
8/1/2024 9:13,9:17 am,0:04:00,,,,idle
8/1/2024 9:17,9:19 am,0:02:00,0,0.5,0.2,run
8/1/2024 9:19,9:44 am,0:25:00,,,,idle
8/1/2024 9:44,10:38 am,0:53:31,13,18.9,14.9,run
8/1/2024 10:38,10:40 am,0:02:00,,,,idle
8/1/2024 10:40,1:03 pm,2:23:19,37,19.4,15.4,run
8/1/2024 13:03,1:05 pm,0:02:00,,,,idle
8/1/2024 13:05,2:48 pm,1:42:36,14,17.3,8.2,run
8/1/2024 14:48,3:06 pm,0:18:00,,,,idle
8/1/2024 15:06,3:10 pm,0:04:00,0.1,5.4,2.1,run
8/1/2024 15:10,4:09 pm,0:59:36,,,,idle
8/1/2024 16:09,5:30 pm,1:20:48,14,17.8,10.3,run
8/1/2024 17:30,5:34 pm,0:04:00,,,,idle
8/1/2024 17:34,6:00 pm,0:25:58,5,17.3,12.2,run
8/1/2024 18:00,6:03 pm,0:03:00,,,,idle
8/1/2024 18:03,6:42 pm,0:39:00,5,18.4,7.8,run
8/1/2024 18:42,7:20 pm,0:38:01,,,,idle
8/1/2024 19:20,7:21 pm,0:01:00,0,0,0.3,run
8/1/2024 19:21,7:41 pm,0:20:00,,,,idle
8/1/2024 19:41,8:37 pm,0:55:54,9,18.4,9.5,run
8/1/2024 20:37,8:56 pm,0:19:00,,,,idle
8/1/2024 20:56,10:13 pm,1:16:38,15,17.8,11.7,run
8/1/2024 22:13,10:15 pm,0:02:04,,,,idle
8/1/2024 22:15,10:39 pm,0:24:21,0.2,5.9,0.4,run
8/1/2024 22:39,10:43 pm,0:04:00,,,,idle
8/1/2024 22:43,11:59 pm,1:15:45,15,17.8,11.8,run
9/1/2024 0:41,12:43 am,0:02:00,,,,idle
9/1/2024 0:43,1:30 am,0:47:17,4,17.3,5,run
9/1/2024 1:30,1:59 am,0:29:00,,,,idle
9/1/2024 1:59,3:34 am,1:35:02,18,19.4,11.5,run
9/1/2024 3:34,4:38 am,1:04:00,,,,idle
9/1/2024 4:38,5:38 am,1:00:00,0,0,0,run
9/1/2024 5:38,6:21 am,0:42:37,,,,idle
9/1/2024 6:21,6:45 am,0:24:12,2,16.2,5.5,run
9/1/2024 6:45,6:48 am,0:03:00,,,,idle
9/1/2024 6:48,8:21 am,1:32:52,12,17.8,7.4,run
9/1/2024 8:21,9:02 am,0:41:04,,,,idle
9/1/2024 9:02,9:30 am,0:27:40,2,18.4,4.3,run
9/1/2024 9:30,9:34 am,0:04:00,,,,idle
9/1/2024 9:34,9:39 am,0:05:00,0.2,3.8,1.9,run
9/1/2024 9:39,10:23 am,0:44:00,,,,idle
9/1/2024 10:23,10:24 am,0:01:00,0,0,0.3,run
9/1/2024 10:24,10:28 am,0:04:00,,,,idle
9/1/2024 10:28,10:29 am,0:01:00,0,0,0.3,run
9/1/2024 10:29,10:46 am,0:17:00,,,,idle
9/1/2024 10:46,10:47 am,0:01:00,0,0,0.3,run
9/1/2024 10:47,10:57 am,0:10:00,,,,idle
9/1/2024 10:57,10:58 am,0:01:00,0,0,0.3,run
9/1/2024 10:58,11:09 am,0:11:00,,,,idle
9/1/2024 11:09,11:48 am,0:39:42,5,17.8,7.9,run
9/1/2024 11:48,11:51 am,0:03:00,,,,idle
9/1/2024 11:51,12:15 pm,0:23:28,5,18.4,11.8,run
9/1/2024 12:15,12:40 pm,0:25:00,,,,idle
9/1/2024 12:40,1:18 pm,0:37:41,6,17.8,9.4,run
9/1/2024 13:18,1:35 pm,0:17:00,,,,idle
9/1/2024 13:35,1:38 pm,0:03:00,0,0,0.2,run
9/1/2024 13:38,1:47 pm,0:09:00,,,,idle
9/1/2024 13:47,1:50 pm,0:03:00,0,0,0.2,run
9/1/2024 13:50,2:13 pm,0:23:00,,,,idle
9/1/2024 14:13,2:15 pm,0:02:00,0,0,0.3,run
9/1/2024 14:15,2:49 pm,0:34:00,,,,idle
9/1/2024 14:49,3:05 pm,0:16:57,3,17.8,11.3,run
9/1/2024 15:05,3:08 pm,0:03:00,,,,idle
9/1/2024 15:08,3:23 pm,0:15:00,0.3,9.7,1,run
9/1/2024 15:23,3:27 pm,0:04:00,,,,idle
9/1/2024 15:27,3:28 pm,0:01:00,0,0,0.1,run
9/1/2024 15:28,3:35 pm,0:07:00,,,,idle
9/1/2024 15:35,3:56 pm,0:20:58,3,17.8,9.1,run
9/1/2024 15:56,3:59 pm,0:03:00,,,,idle
9/1/2024 15:59,4:07 pm,0:08:00,0.5,4.9,3.6,run
9/1/2024 16:07,4:18 pm,0:11:00,,,,idle
9/1/2024 16:18,5:16 pm,0:58:03,7,18.4,6.9,run
9/1/2024 17:16,5:25 pm,0:09:00,,,,idle
9/1/2024 17:25,5:26 pm,0:01:00,0,0,0.3,run
9/1/2024 17:26,5:37 pm,0:11:00,,,,idle
9/1/2024 17:37,5:45 pm,0:08:00,0,0.5,0.2,run
9/1/2024 17:45,6:07 pm,0:22:00,,,,idle
9/1/2024 18:07,6:08 pm,0:01:00,0,0,0.3,run
9/1/2024 18:08,6:45 pm,0:37:00,,,,idle
9/1/2024 18:45,6:46 pm,0:01:00,0,0,0.3,run
9/1/2024 18:46,6:55 pm,0:09:00,,,,idle
9/1/2024 18:55,7:50 pm,0:54:58,10,18.9,11,run
9/1/2024 19:50,8:06 pm,0:16:00,,,,idle
9/1/2024 20:06,8:30 pm,0:23:22,6,18.9,15.4,run
9/1/2024 20:30,8:39 pm,0:09:00,,,,idle
9/1/2024 20:39,8:43 pm,0:04:07,0.1,5.9,2,run
9/1/2024 20:43,8:55 pm,0:12:00,,,,idle
9/1/2024 20:55,8:56 pm,0:01:00,0,0,0.3,run
9/1/2024 20:56,9:04 pm,0:08:00,,,,idle
9/1/2024 21:04,9:05 pm,0:01:00,0,0,0.3,run
9/1/2024 21:05,9:21 pm,0:16:00,,,,idle
9/1/2024 21:21,9:28 pm,0:07:00,0.3,4.3,2.2,run
9/1/2024 21:28,9:34 pm,0:06:07,,,,idle
9/1/2024 21:34,9:40 pm,0:05:37,0.3,7,2.7,run
9/1/2024 21:40,10:04 pm,0:24:30,,,,idle
9/1/2024 22:04,11:59 pm,1:55:11,20,17.8,10.2,run
10/1/2024 0:00,12:31 am,0:30:34,8,17.8,15.4,run
10/1/2024 0:31,12:58 am,0:27:00,,,,idle
10/1/2024 0:58,12:59 am,0:01:00,0,0,0.3,run
10/1/2024 0:59,1:07 am,0:08:00,,,,idle
10/1/2024 1:07,1:08 am,0:01:00,0,0,0.3,run
10/1/2024 1:08,1:23 am,0:15:00,,,,idle
10/1/2024 1:23,1:24 am,0:01:00,0,0,0.3,run
10/1/2024 1:24,1:37 am,0:13:00,,,,idle
10/1/2024 1:37,1:38 am,0:01:00,0,0,0.3,run
10/1/2024 1:38,1:54 am,0:16:00,,,,idle
10/1/2024 1:54,1:55 am,0:01:00,0,0,0.3,run
10/1/2024 1:55,1:59 am,0:04:00,,,,idle
10/1/2024 1:59,5:03 am,3:04:11,12,18.4,4,run
10/1/2024 5:03,7:34 am,2:30:54,,,,idle
10/1/2024 7:34,7:35 am,0:01:00,0,0,0.3,run
10/1/2024 7:35,7:50 am,0:15:00,,,,idle
10/1/2024 7:50,7:51 am,0:01:00,0,0,0.3,run
10/1/2024 7:51,8:04 am,0:13:00,,,,idle
10/1/2024 8:04,9:16 am,1:12:23,17,20,14.4,run
10/1/2024 9:16,9:39 am,0:23:00,,,,idle
10/1/2024 9:39,9:40 am,0:01:00,0,0,0.4,run
10/1/2024 9:40,10:10 am,0:30:00,,,,idle
10/1/2024 10:10,10:16 am,0:05:40,0.2,5.9,2.4,run
10/1/2024 10:16,10:23 am,0:07:00,,,,idle
10/1/2024 10:23,11:32 am,1:08:38,0.4,5.9,0.3,run
10/1/2024 11:32,11:36 am,0:04:27,,,,idle
10/1/2024 11:36,12:52 pm,1:16:04,12,18.4,9.4,run
10/1/2024 12:52,1:02 pm,0:10:00,,,,idle
10/1/2024 13:02,1:03 pm,0:01:00,0,0,0.3,run
10/1/2024 13:03,1:36 pm,0:33:00,,,,idle
10/1/2024 13:36,1:37 pm,0:01:00,0,0,0.3,run
10/1/2024 13:37,2:40 pm,1:03:00,,,,idle
10/1/2024 14:40,3:26 pm,0:45:59,9,18.9,12,run
10/1/2024 15:26,3:31 pm,0:05:00,,,,idle
10/1/2024 15:31,4:14 pm,0:42:56,9,17.8,12.4,run
10/1/2024 16:14,4:50 pm,0:36:00,,,,idle
10/1/2024 16:50,5:36 pm,0:45:41,10,18.4,13.3,run
10/1/2024 17:36,5:47 pm,0:11:00,,,,idle
10/1/2024 17:47,5:48 pm,0:01:00,0,0,0.3,run
10/1/2024 17:48,5:55 pm,0:07:00,,,,idle
10/1/2024 17:55,6:45 pm,0:50:29,11,17.8,12.5,run
10/1/2024 18:45,6:48 pm,0:03:00,,,,idle
10/1/2024 18:48,8:16 pm,1:27:55,18,18.4,12.4,run
10/1/2024 20:16,8:19 pm,0:03:00,,,,idle
10/1/2024 20:19,8:28 pm,0:09:00,0.2,4.9,1.1,run
10/1/2024 20:28,8:43 pm,0:15:00,,,,idle
10/1/2024 20:43,8:52 pm,0:08:45,0.4,5.9,2.5,run
10/1/2024 20:52,9:14 pm,0:22:00,,,,idle
10/1/2024 21:14,10:04 pm,0:49:53,8,17.3,9.9,run
10/1/2024 22:04,10:08 pm,0:04:00,,,,idle
10/1/2024 22:08,10:11 pm,0:03:00,0,0,0.2,run
10/1/2024 22:11,10:14 pm,0:03:00,,,,idle
10/1/2024 22:14,11:04 pm,0:50:12,8,19.4,9.6,run
10/1/2024 23:04,11:24 pm,0:20:00,,,,idle
10/1/2024 23:24,11:51 pm,0:26:58,6,17.3,13.4,run
10/1/2024 23:51,11:54 pm,0:03:00,,,,idle
10/1/2024 23:54,11:59 pm,0:05:00,0,0,0.1,run
11/1/2024 0:00,12:58 am,0:58:22,10,19.4,10,run
11/1/2024 0:58,1:54 am,0:56:00,,,,idle
11/1/2024 1:54,1:59 am,0:05:09,0.2,7,2.2,run
11/1/2024 1:59,3:47 am,1:48:00,,,,idle
11/1/2024 3:47,4:00 am,0:13:02,2,18.4,9.7,run
11/1/2024 4:00,4:03 am,0:03:00,,,,idle
11/1/2024 4:03,4:20 am,0:16:10,2,17.8,8.7,run
11/1/2024 4:20,4:56 am,0:36:00,,,,idle
11/1/2024 4:56,5:29 am,0:33:32,6,20,11,run
11/1/2024 5:29,5:33 am,0:03:40,,,,idle
11/1/2024 5:33,6:41 am,1:08:28,15,19.4,12.7,run
11/1/2024 6:41,7:45 am,1:04:00,,,,idle
11/1/2024 7:45,7:46 am,0:01:00,0,0,0.3,run
11/1/2024 7:46,8:23 am,0:37:00,,,,idle
11/1/2024 8:23,8:24 am,0:01:00,0,0,0.3,run
11/1/2024 8:24,8:32 am,0:08:00,,,,idle
11/1/2024 8:32,8:50 am,0:18:03,1,18.4,4.1,run
11/1/2024 8:50,9:08 am,0:18:00,,,,idle
11/1/2024 9:08,9:21 am,0:12:22,1,17.8,6.1,run
11/1/2024 9:21,9:32 am,0:11:00,,,,idle
11/1/2024 9:32,10:37 am,1:05:00,15,19.4,13.5,run
11/1/2024 10:37,10:40 am,0:03:00,,,,idle
11/1/2024 10:40,1:14 pm,2:33:49,33,18.9,12.9,run
11/1/2024 13:14,1:22 pm,0:08:00,,,,idle
11/1/2024 13:22,3:36 pm,2:14:20,29,18.4,13.1,run
11/1/2024 15:36,4:16 pm,0:40:00,,,,idle
11/1/2024 16:16,4:17 pm,0:01:00,0,0,0.2,run
11/1/2024 16:17,4:20 pm,0:03:00,,,,idle
11/1/2024 16:20,6:14 pm,1:53:59,25,18.4,13,run
11/1/2024 18:14,6:22 pm,0:08:00,,,,idle
11/1/2024 18:22,6:23 pm,0:01:00,0,0,0.3,run
11/1/2024 18:23,7:08 pm,0:45:00,,,,idle
11/1/2024 19:08,8:09 pm,1:01:12,13,18.4,13.1,run
11/1/2024 20:09,8:20 pm,0:11:00,,,,idle
11/1/2024 20:20,8:21 pm,0:01:00,0,0,0.3,run
11/1/2024 20:21,8:24 pm,0:03:00,,,,idle
11/1/2024 20:24,8:40 pm,0:15:29,2,16.7,5.9,run
11/1/2024 20:40,9:02 pm,0:22:51,,,,idle
11/1/2024 21:02,9:05 pm,0:02:51,0,1.1,0.3,run
11/1/2024 21:05,11:04 pm,1:59:09,,,,idle
11/1/2024 23:04,11:59 pm,0:54:50,3,18.4,3.5,run
12/1/2024 0:00,12:08 am,0:07:55,1,18.4,10.5,run
12/1/2024 0:08,12:19 am,0:11:01,,,,idle
12/1/2024 0:19,12:20 am,0:01:00,0,0,0.3,run
12/1/2024 0:20,12:35 am,0:15:00,,,,idle
12/1/2024 0:35,12:36 am,0:01:00,0,0,0.3,run
12/1/2024 0:36,12:45 am,0:09:00,,,,idle
12/1/2024 0:45,2:10 am,1:25:21,12,17.8,8.5,run
12/1/2024 2:10,2:40 am,0:30:00,,,,idle
12/1/2024 2:40,2:41 am,0:01:00,0,0,0.3,run
12/1/2024 2:41,3:02 am,0:21:00,,,,idle
12/1/2024 3:02,3:03 am,0:01:00,0,0,0.3,run
12/1/2024 3:03,3:50 am,0:47:00,,,,idle
12/1/2024 3:50,4:59 am,1:08:43,14,19.4,12.6,run
12/1/2024 4:59,5:02 am,0:03:00,,,,idle
12/1/2024 5:02,6:13 am,1:11:21,14,17.8,11.4,run
12/1/2024 6:13,6:26 am,0:13:00,,,,idle
12/1/2024 6:26,6:27 am,0:01:00,0,0,0.3,run
12/1/2024 6:27,6:30 am,0:03:00,,,,idle
12/1/2024 6:30,6:31 am,0:01:00,0,0,0.3,run
12/1/2024 6:31,6:43 am,0:12:00,,,,idle
12/1/2024 6:43,6:44 am,0:01:00,0,0,0.3,run
12/1/2024 6:44,6:48 am,0:04:00,,,,idle
12/1/2024 6:48,6:49 am,0:01:00,0,0,0.3,run
12/1/2024 6:49,7:48 am,0:59:00,,,,idle
12/1/2024 7:48,7:49 am,0:01:00,0,0,0.3,run
12/1/2024 7:49,7:58 am,0:09:00,,,,idle
12/1/2024 7:58,7:59 am,0:01:00,0,0,0.3,run
12/1/2024 7:59,8:04 am,0:05:00,,,,idle
12/1/2024 8:04,8:08 am,0:04:00,0,0,0.2,run
12/1/2024 8:08,8:30 am,0:22:00,,,,idle
12/1/2024 8:30,8:31 am,0:01:00,0,0,0.3,run
12/1/2024 8:31,8:46 am,0:15:00,,,,idle
12/1/2024 8:46,8:47 am,0:01:00,0,0,0.3,run
12/1/2024 8:47,9:01 am,0:14:00,,,,idle
12/1/2024 9:01,9:05 am,0:04:00,0.2,4.9,2.8,run
12/1/2024 9:05,9:23 am,0:18:00,,,,idle
12/1/2024 9:23,9:55 am,0:31:49,5,18.4,10.1,run
12/1/2024 9:55,10:30 am,0:35:00,,,,idle
12/1/2024 10:30,10:31 am,0:01:00,0,0,0.3,run
12/1/2024 10:31,10:36 am,0:05:00,,,,idle
12/1/2024 10:36,10:37 am,0:01:00,0,0,0.2,run
12/1/2024 10:37,11:01 am,0:23:32,,,,idle
12/1/2024 11:01,11:16 am,0:15:41,2,18.4,9,run
12/1/2024 11:16,11:46 am,0:29:13,,,,idle
12/1/2024 11:46,12:44 pm,0:57:48,6,18.4,6.1,run
12/1/2024 12:44,1:03 pm,0:19:00,,,,idle
12/1/2024 13:03,1:05 pm,0:02:58,0.2,5.9,3.8,run
12/1/2024 13:05,1:37 pm,0:31:31,,,,idle
12/1/2024 13:37,2:49 pm,1:11:33,14,18.4,11.4,run
12/1/2024 14:49,2:55 pm,0:06:00,,,,idle
12/1/2024 14:55,4:24 pm,1:29:17,4,17.8,2.4,run
12/1/2024 16:24,5:24 pm,0:59:46,,,,idle
12/1/2024 17:24,6:24 pm,1:00:00,0,0,0,run
12/1/2024 18:24,8:52 pm,2:28:35,,,,idle
12/1/2024 20:52,8:56 pm,0:03:42,0.1,5.9,1.9,run
12/1/2024 20:56,9:10 pm,0:14:36,,,,idle
12/1/2024 21:10,10:14 pm,1:03:10,12,16.2,11.7,run
12/1/2024 22:14,10:17 pm,0:03:00,,,,idle
12/1/2024 22:17,11:15 pm,0:58:38,12,18.4,12.3,run
13/1/2024 0:15,1:06 am,0:51:10,0,0,0,run
13/1/2024 1:06,1:08 am,0:02:00,,,,idle
13/1/2024 1:08,4:21 am,3:13:01,0.6,5.9,0.2,run
13/1/2024 4:21,7:19 am,2:58:36,,,,idle
13/1/2024 7:19,7:57 am,0:37:14,0,0,0,run
13/1/2024 7:57,8:02 am,0:05:00,,,,idle
13/1/2024 8:02,8:05 am,0:03:00,0.1,4.3,1.9,run
13/1/2024 8:05,8:23 am,0:18:00,,,,idle
13/1/2024 8:23,8:56 am,0:33:17,6,17.8,10.2,run
13/1/2024 8:56,9:01 am,0:05:00,,,,idle
13/1/2024 9:01,9:33 am,0:32:30,6,19.4,10.7,run
13/1/2024 9:33,9:57 am,0:24:00,,,,idle
13/1/2024 9:57,9:58 am,0:01:00,0,0,0.3,run
13/1/2024 9:58,11:10 am,1:11:23,,,,idle
13/1/2024 11:10,12:36 pm,1:26:10,19,18.9,13,run
13/1/2024 12:36,12:40 pm,0:04:01,,,,idle
13/1/2024 12:40,1:02 pm,0:21:40,5,18.4,14.1,run
13/1/2024 13:02,1:21 pm,0:19:01,,,,idle
13/1/2024 13:21,2:49 pm,1:28:36,21,18.4,14.1,run
13/1/2024 14:49,2:52 pm,0:02:21,,,,idle
13/1/2024 14:52,3:51 pm,0:59:39,0,0,0,run
13/1/2024 15:51,5:16 pm,1:24:45,,,,idle
13/1/2024 17:16,5:33 pm,0:16:36,1,16.7,4.6,run
13/1/2024 17:33,6:07 pm,0:34:06,,,,idle
13/1/2024 18:07,7:52 pm,1:45:30,7,17.8,3.7,run
13/1/2024 19:52,7:54 pm,0:02:00,,,,idle
13/1/2024 19:54,8:59 pm,1:04:52,13,17.8,11.8,run
13/1/2024 20:59,9:03 pm,0:04:00,,,,idle
13/1/2024 21:03,9:06 pm,0:03:29,0.1,6.5,2.3,run
13/1/2024 21:06,9:11 pm,0:04:13,,,,idle
13/1/2024 21:11,10:30 pm,1:18:59,12,18.4,8.9,run
13/1/2024 22:30,10:33 pm,0:03:00,,,,idle
13/1/2024 22:33,11:27 pm,0:54:21,9,17.8,10.1,run
13/1/2024 23:27,11:35 pm,0:08:00,,,,idle
13/1/2024 23:35,11:36 pm,0:01:00,0,0,0.3,run
13/1/2024 23:36,11:59 pm,0:23:00,,,,idle
14/1/2024 0:00,3:27 am,3:26:53,,,,idle
14/1/2024 3:27,5:31 am,2:04:29,27,18.4,13,run
14/1/2024 5:31,5:36 am,0:05:00,,,,idle
14/1/2024 5:36,5:37 am,0:01:00,0,0,0.3,run
14/1/2024 5:37,5:43 am,0:06:00,,,,idle
14/1/2024 5:43,5:46 am,0:03:00,0,0,0.2,run
14/1/2024 5:46,6:24 am,0:38:00,,,,idle
14/1/2024 6:24,6:25 am,0:01:00,0,0,0.3,run
14/1/2024 6:25,7:12 am,0:47:00,,,,idle
14/1/2024 7:12,7:13 am,0:01:00,0,0,0.3,run
14/1/2024 7:13,7:21 am,0:08:00,,,,idle
14/1/2024 7:21,7:22 am,0:01:00,0,0,0.3,run
14/1/2024 7:22,7:45 am,0:23:00,,,,idle
14/1/2024 7:45,9:41 am,1:55:22,21,18.9,11,run
14/1/2024 9:41,11:22 am,1:41:30,,,,idle
14/1/2024 11:22,12:32 pm,1:09:57,13,18.4,11.1,run
14/1/2024 12:32,12:35 pm,0:03:00,,,,idle
14/1/2024 12:35,1:44 pm,1:08:21,10,18.9,9,run
14/1/2024 13:44,1:54 pm,0:10:00,,,,idle
14/1/2024 13:54,3:26 pm,1:32:06,18,18.4,11.7,run
14/1/2024 15:26,3:36 pm,0:10:00,,,,idle
14/1/2024 15:36,3:37 pm,0:01:00,0,0,0.4,run
14/1/2024 15:37,3:40 pm,0:03:00,,,,idle
14/1/2024 15:40,3:42 pm,0:02:00,0,0.5,0.3,run
14/1/2024 15:42,3:51 pm,0:09:01,,,,idle
14/1/2024 15:51,5:19 pm,1:28:01,19,18.4,13,run
14/1/2024 17:19,5:44 pm,0:25:00,,,,idle
14/1/2024 17:44,5:47 pm,0:03:00,0,2.2,0.2,run
14/1/2024 17:47,6:00 pm,0:13:00,,,,idle
14/1/2024 18:00,6:11 pm,0:11:43,1,13.5,6.4,run
14/1/2024 18:11,6:14 pm,0:03:00,,,,idle
14/1/2024 18:14,6:15 pm,0:01:00,0,0,0.3,run
14/1/2024 18:15,7:35 pm,1:20:00,,,,idle
14/1/2024 19:35,7:36 pm,0:01:00,0,0,0.3,run
14/1/2024 19:36,7:52 pm,0:16:00,,,,idle
14/1/2024 19:52,7:55 pm,0:03:00,0.2,4.9,3.2,run
14/1/2024 19:55,8:00 pm,0:05:00,,,,idle
14/1/2024 20:00,9:23 pm,1:22:14,15,18.4,11,run
14/1/2024 21:23,9:29 pm,0:06:00,,,,idle
14/1/2024 21:29,10:23 pm,0:54:31,10,18.9,11.1,run
14/1/2024 22:23,10:27 pm,0:04:00,,,,idle
14/1/2024 22:27,11:25 pm,0:57:32,10,17.8,9.9,run
15/1/2024 0:24,12:33 am,0:08:41,,,,idle
15/1/2024 0:33,1:18 am,0:45:02,9,18.4,12.2,run
15/1/2024 1:18,1:22 am,0:04:00,,,,idle
15/1/2024 1:22,2:03 am,0:40:51,9,17.8,13.4,run
15/1/2024 2:03,2:08 am,0:05:00,,,,idle
15/1/2024 2:08,2:09 am,0:01:00,0,0,0.9,run
15/1/2024 2:09,2:16 am,0:07:00,,,,idle
15/1/2024 2:16,2:21 am,0:05:00,0.2,4.9,2.1,run
15/1/2024 2:21,3:13 am,0:51:46,,,,idle
15/1/2024 3:13,5:11 am,1:58:39,21,17.8,10.4,run
15/1/2024 5:11,7:03 am,1:51:18,,,,idle
15/1/2024 7:03,9:02 am,1:59:41,28,18.9,14.1,run
15/1/2024 9:02,9:09 am,0:07:00,,,,idle
15/1/2024 9:09,9:12 am,0:03:00,0.2,5.4,3.1,run
15/1/2024 9:12,10:13 am,1:01:00,,,,idle
15/1/2024 10:13,10:14 am,0:01:00,0,0,0.3,run
15/1/2024 10:14,11:32 am,1:18:00,,,,idle
15/1/2024 11:32,11:33 am,0:01:00,0,0,0.3,run
15/1/2024 11:33,11:38 am,0:05:00,,,,idle
15/1/2024 11:38,11:39 am,0:01:00,0,0,0.3,run
15/1/2024 11:39,12:08 pm,0:29:00,,,,idle
15/1/2024 12:08,12:14 pm,0:06:00,0.2,3.8,1.8,run
15/1/2024 12:14,12:23 pm,0:09:00,,,,idle
15/1/2024 12:23,1:58 pm,1:34:34,23,18.9,14.8,run
15/1/2024 13:58,2:02 pm,0:04:00,,,,idle
15/1/2024 14:02,2:03 pm,0:01:00,0,0,0.1,run
15/1/2024 14:03,2:12 pm,0:09:00,,,,idle
15/1/2024 14:12,2:20 pm,0:08:04,1,17.8,9.2,run
15/1/2024 14:20,3:09 pm,0:49:00,,,,idle
15/1/2024 15:09,3:10 pm,0:01:00,0,0,0.4,run
15/1/2024 15:10,4:14 pm,1:04:00,,,,idle
15/1/2024 16:14,6:21 pm,2:07:01,26,17.8,12.2,run
15/1/2024 18:21,6:26 pm,0:05:00,,,,idle
15/1/2024 18:26,6:30 pm,0:04:00,0.2,5.4,3.2,run
15/1/2024 18:30,6:59 pm,0:29:00,,,,idle
15/1/2024 18:59,7:02 pm,0:03:00,0.1,3.2,1.9,run
15/1/2024 19:02,7:11 pm,0:09:00,,,,idle
15/1/2024 19:11,7:12 pm,0:01:00,0,0,0.2,run
15/1/2024 19:12,7:15 pm,0:03:00,,,,idle
15/1/2024 19:15,7:31 pm,0:16:14,3,18.4,11.7,run
15/1/2024 19:31,7:34 pm,0:03:00,,,,idle
15/1/2024 19:34,7:49 pm,0:14:18,3,17.3,13.7,run
15/1/2024 19:49,8:00 pm,0:11:00,,,,idle
15/1/2024 20:00,8:07 pm,0:07:00,0.2,4.9,1.5,run
15/1/2024 20:07,8:45 pm,0:38:01,,,,idle
15/1/2024 20:45,8:46 pm,0:01:00,0,0,0.3,run
15/1/2024 20:46,8:51 pm,0:05:00,,,,idle
15/1/2024 20:51,8:58 pm,0:07:00,0.3,6.5,2.9,run
15/1/2024 20:58,9:19 pm,0:21:00,,,,idle
15/1/2024 21:19,9:20 pm,0:01:00,0,0,0.3,run
15/1/2024 21:20,9:59 pm,0:39:00,,,,idle
15/1/2024 21:59,10:01 pm,0:02:00,0,1.1,0.3,run
15/1/2024 22:01,10:17 pm,0:15:58,,,,idle
15/1/2024 22:17,11:09 pm,0:52:07,13,18.9,14.6,run
15/1/2024 23:09,11:14 pm,0:05:00,,,,idle
15/1/2024 23:14,11:59 pm,0:44:54,5,18.9,6.6,run
16/1/2024 0:00,1:03 am,1:02:53,9,17.8,8.3,run
16/1/2024 1:03,1:08 am,0:05:00,,,,idle
16/1/2024 1:08,2:03 am,0:55:21,4,17.8,4,run
16/1/2024 2:03,2:06 am,0:03:03,,,,idle
16/1/2024 2:06,4:06 am,1:59:57,0,0,0,run
16/1/2024 4:06,5:12 am,1:05:53,,,,idle
16/1/2024 5:12,5:51 am,0:39:14,6,17.3,8.6,run
16/1/2024 5:51,5:57 am,0:06:00,,,,idle
16/1/2024 5:57,6:08 am,0:10:43,2,18.4,10.4,run
16/1/2024 6:08,6:12 am,0:04:00,,,,idle
16/1/2024 6:12,6:42 am,0:30:06,4,17.8,7.9,run
16/1/2024 6:42,6:45 am,0:03:00,,,,idle
16/1/2024 6:45,6:48 am,0:03:00,0,0,0.2,run
16/1/2024 6:48,7:00 am,0:12:00,,,,idle
16/1/2024 7:00,8:14 am,1:14:30,10,17.8,8.1,run
16/1/2024 8:14,8:46 am,0:31:40,,,,idle
16/1/2024 8:46,8:54 am,0:07:42,0.3,6.5,2.7,run
16/1/2024 8:54,9:06 am,0:12:00,,,,idle
16/1/2024 9:06,9:09 am,0:03:12,0.2,5.9,3.5,run
16/1/2024 9:09,9:18 am,0:09:00,,,,idle
16/1/2024 9:18,11:40 am,2:21:41,28,18.9,12,run
16/1/2024 11:40,12:06 pm,0:26:00,,,,idle
16/1/2024 12:06,12:09 pm,0:03:25,0.2,7.6,3.5,run
16/1/2024 12:09,12:14 pm,0:05:00,,,,idle
16/1/2024 12:14,12:57 pm,0:43:21,7,18.4,9.4,run
16/1/2024 12:57,2:02 pm,1:05:00,,,,idle
16/1/2024 14:02,3:13 pm,1:10:52,10,18.4,8.3,run
16/1/2024 15:13,3:16 pm,0:03:00,,,,idle
16/1/2024 15:16,3:50 pm,0:34:11,3,18.4,5.8,run
16/1/2024 15:50,3:58 pm,0:08:00,,,,idle
16/1/2024 15:58,5:21 pm,1:22:38,13,18.4,9.8,run
16/1/2024 17:21,5:25 pm,0:04:00,,,,idle
16/1/2024 17:25,5:26 pm,0:01:00,0,0,0.3,run
16/1/2024 17:26,5:38 pm,0:12:00,,,,idle
16/1/2024 17:38,5:40 pm,0:02:00,0,1.6,0.2,run
16/1/2024 17:40,5:53 pm,0:13:00,,,,idle
16/1/2024 17:53,6:02 pm,0:08:35,1,17.3,8.6,run
16/1/2024 18:02,6:58 pm,0:56:00,,,,idle
16/1/2024 18:58,7:32 pm,0:33:56,6,17.8,10.6,run
16/1/2024 19:32,7:36 pm,0:04:00,,,,idle
16/1/2024 19:36,8:36 pm,1:00:41,12,18.4,12.3,run
16/1/2024 20:36,8:44 pm,0:08:00,,,,idle
16/1/2024 20:44,8:45 pm,0:01:00,0,0,0.1,run
16/1/2024 20:45,9:08 pm,0:23:00,,,,idle
16/1/2024 21:08,9:09 pm,0:01:00,0,0,0.3,run
16/1/2024 21:09,9:35 pm,0:26:00,,,,idle
16/1/2024 21:35,9:36 pm,0:01:00,0,0,0.3,run
16/1/2024 21:36,10:23 pm,0:47:00,,,,idle
16/1/2024 22:23,10:24 pm,0:01:00,0,0,0.3,run
16/1/2024 22:24,10:58 pm,0:34:00,,,,idle
16/1/2024 22:58,10:59 pm,0:01:00,0,0,0.3,run
16/1/2024 22:59,11:16 pm,0:17:00,,,,idle
16/1/2024 23:16,11:17 pm,0:01:00,0,0,0.3,run
16/1/2024 23:17,11:22 pm,0:05:00,,,,idle
16/1/2024 23:22,11:23 pm,0:01:00,0,0,0.3,run
16/1/2024 23:23,11:29 pm,0:06:00,,,,idle
16/1/2024 23:29,11:30 pm,0:01:00,0,0,0.3,run
16/1/2024 23:30,11:39 pm,0:09:06,,,,idle
17/1/2024 0:39,1:11 am,0:31:37,,,,idle
17/1/2024 1:11,1:34 am,0:23:28,0,0,0,run
17/1/2024 1:34,1:37 am,0:03:00,,,,idle
17/1/2024 1:37,2:00 am,0:22:26,4,18.4,10.2,run
17/1/2024 2:00,2:04 am,0:04:00,,,,idle
17/1/2024 2:04,2:09 am,0:05:05,0,5.9,0.2,run
17/1/2024 2:09,2:12 am,0:03:00,,,,idle
17/1/2024 2:12,2:13 am,0:01:00,0,0,0.1,run
17/1/2024 2:13,2:16 am,0:03:00,,,,idle
17/1/2024 2:16,2:38 am,0:22:19,4,17.8,9.7,run
17/1/2024 2:38,2:46 am,0:08:00,,,,idle
17/1/2024 2:46,2:50 am,0:04:00,0.2,5.4,2.3,run
17/1/2024 2:50,2:53 am,0:03:00,,,,idle
17/1/2024 2:53,2:54 am,0:01:00,0,0,0.3,run
17/1/2024 2:54,3:34 am,0:40:00,,,,idle
17/1/2024 3:34,3:38 am,0:04:00,0,0,0.2,run
17/1/2024 3:38,4:00 am,0:22:00,,,,idle
17/1/2024 4:00,5:46 am,1:45:24,18,19.4,10,run
17/1/2024 5:46,5:53 am,0:07:00,,,,idle
17/1/2024 5:53,5:54 am,0:01:00,0,0,0.3,run
17/1/2024 5:54,6:08 am,0:14:00,,,,idle
17/1/2024 6:08,6:09 am,0:01:00,0,0,0.3,run
17/1/2024 6:09,6:35 am,0:26:00,,,,idle
17/1/2024 6:35,6:36 am,0:01:00,0,0,0.3,run
17/1/2024 6:36,7:22 am,0:46:00,,,,idle
17/1/2024 7:22,8:00 am,0:38:32,6,18.9,9.9,run
17/1/2024 8:00,8:14 am,0:14:00,,,,idle
17/1/2024 8:14,8:15 am,0:01:00,0,0,0.3,run
17/1/2024 8:15,8:45 am,0:30:00,,,,idle
17/1/2024 8:45,8:46 am,0:01:00,0,0,0.2,run
17/1/2024 8:46,8:52 am,0:06:00,,,,idle
17/1/2024 8:52,9:29 am,0:36:59,6,17.8,9.7,run
17/1/2024 9:29,9:37 am,0:08:00,,,,idle
17/1/2024 9:37,9:40 am,0:03:00,0,0,0.3,run
17/1/2024 9:40,9:49 am,0:09:01,,,,idle
17/1/2024 9:49,9:50 am,0:01:00,0,0,0.3,run
17/1/2024 9:50,9:55 am,0:05:00,,,,idle
17/1/2024 9:55,9:57 am,0:02:00,0,1.1,0.4,run
17/1/2024 9:57,10:05 am,0:08:00,,,,idle
17/1/2024 10:05,10:06 am,0:01:00,0,0,0.3,run
17/1/2024 10:06,10:27 am,0:21:00,,,,idle
17/1/2024 10:27,10:30 am,0:03:00,0,0.5,0.3,run
17/1/2024 10:30,10:39 am,0:09:01,,,,idle
17/1/2024 10:39,10:40 am,0:01:00,0,0,0.3,run
17/1/2024 10:40,10:46 am,0:06:00,,,,idle
17/1/2024 10:46,10:47 am,0:01:00,0,0,0.1,run
17/1/2024 10:47,10:58 am,0:11:00,,,,idle
17/1/2024 10:58,10:59 am,0:01:00,0,0,0.3,run
17/1/2024 10:59,11:21 am,0:22:00,,,,idle
17/1/2024 11:21,11:22 am,0:01:00,0,0,0.3,run
17/1/2024 11:22,11:39 am,0:17:00,,,,idle
17/1/2024 11:39,11:40 am,0:01:00,0,0,0.3,run
17/1/2024 11:40,11:48 am,0:08:00,,,,idle
17/1/2024 11:48,11:55 am,0:06:30,0.3,6.5,3.1,run
17/1/2024 11:55,12:28 pm,0:33:15,,,,idle
17/1/2024 12:28,12:35 pm,0:07:11,0.4,7,3.2,run
17/1/2024 12:35,1:10 pm,0:34:57,,,,idle
17/1/2024 13:10,1:48 pm,0:37:50,10,20,16.3,run
17/1/2024 13:48,2:28 pm,0:40:00,,,,idle
17/1/2024 14:28,2:29 pm,0:01:00,0,0,0.3,run
17/1/2024 14:29,2:38 pm,0:09:00,,,,idle
17/1/2024 14:38,5:11 pm,2:33:43,40,20,15.5,run
17/1/2024 17:11,6:25 pm,1:13:07,,,,idle
17/1/2024 18:25,7:17 pm,0:52:35,8,17.8,8.6,run
17/1/2024 19:17,7:33 pm,0:16:00,,,,idle
17/1/2024 19:33,8:26 pm,0:52:39,6,17.8,6.4,run
17/1/2024 20:26,8:30 pm,0:03:51,,,,idle
17/1/2024 20:30,9:41 pm,1:11:48,0,0,0,run
17/1/2024 21:41,9:43 pm,0:02:00,,,,idle
17/1/2024 21:43,10:52 pm,1:08:24,10,18.4,8.6,run
17/1/2024 22:52,11:13 pm,0:21:00,,,,idle
17/1/2024 23:13,11:14 pm,0:01:00,0,0,0.3,run
17/1/2024 23:14,11:21 pm,0:07:00,,,,idle
17/1/2024 23:21,11:22 pm,0:01:00,0,0,0.3,run
17/1/2024 23:22,11:27 pm,0:05:00,,,,idle
17/1/2024 23:27,11:28 pm,0:01:00,0,0,0.3,run
17/1/2024 23:28,11:41 pm,0:13:00,,,,idle
17/1/2024 23:41,11:44 pm,0:03:00,0.1,4.3,2.5,run
17/1/2024 23:44,11:59 pm,0:15:00,,,,idle
18/1/2024 0:00,12:37 am,0:37:00,,,,idle
18/1/2024 0:37,1:21 am,0:44:26,8,18.9,11.4,run
18/1/2024 1:21,1:37 am,0:16:00,,,,idle
18/1/2024 1:37,2:42 am,1:05:07,13,17.8,12,run
18/1/2024 2:42,2:46 am,0:04:00,,,,idle
18/1/2024 2:46,2:50 am,0:04:00,0,0,0.2,run
18/1/2024 2:50,2:56 am,0:06:00,,,,idle
18/1/2024 2:56,3:21 am,0:24:11,5,20,11.8,run
18/1/2024 3:21,3:29 am,0:08:00,,,,idle
18/1/2024 3:29,3:30 am,0:01:00,0,0,0.3,run
18/1/2024 3:30,4:09 am,0:39:00,,,,idle
18/1/2024 4:09,4:10 am,0:01:00,0,0,0.3,run
18/1/2024 4:10,4:14 am,0:04:00,,,,idle
18/1/2024 4:14,6:11 am,1:57:03,19,19.4,9.7,run
18/1/2024 6:11,6:27 am,0:16:00,,,,idle
18/1/2024 6:27,6:28 am,0:01:00,0,0,0.3,run
18/1/2024 6:28,6:36 am,0:08:00,,,,idle
18/1/2024 6:36,6:37 am,0:01:00,0,0,0.3,run
18/1/2024 6:37,7:07 am,0:30:00,,,,idle
18/1/2024 7:07,7:08 am,0:01:00,0,0,0.3,run
18/1/2024 7:08,7:26 am,0:18:00,,,,idle
18/1/2024 7:26,7:27 am,0:01:00,0,0,0.3,run
18/1/2024 7:27,7:34 am,0:07:00,,,,idle
18/1/2024 7:34,7:35 am,0:01:00,0,0,0.3,run
18/1/2024 7:35,7:39 am,0:04:00,,,,idle
18/1/2024 7:39,7:40 am,0:01:00,0,0,0.3,run
18/1/2024 7:40,7:55 am,0:15:00,,,,idle
18/1/2024 7:55,7:56 am,0:01:00,0,0,0.3,run
18/1/2024 7:56,8:00 am,0:04:00,,,,idle
18/1/2024 8:00,8:05 am,0:05:00,0.2,4.3,2.2,run
18/1/2024 8:05,8:09 am,0:04:00,,,,idle
18/1/2024 8:09,9:41 am,1:31:55,18,19.4,11.8,run
18/1/2024 9:41,9:44 am,0:03:00,,,,idle
18/1/2024 9:44,12:06 pm,2:22:13,14,17.8,5.8,run
18/1/2024 12:06,12:09 pm,0:03:00,,,,idle
18/1/2024 12:09,12:34 pm,0:24:59,4,17.8,10.8,run
18/1/2024 12:34,12:45 pm,0:11:01,,,,idle
18/1/2024 12:45,1:18 pm,0:32:49,5,17.8,9.9,run
18/1/2024 13:18,1:22 pm,0:04:00,,,,idle
18/1/2024 13:22,1:30 pm,0:08:06,0.4,7.6,2.8,run
18/1/2024 13:30,2:26 pm,0:56:05,,,,idle
18/1/2024 14:26,2:31 pm,0:05:25,0.2,5.9,2.2,run
18/1/2024 14:31,2:37 pm,0:06:00,,,,idle
18/1/2024 14:37,4:00 pm,1:23:08,15,18.9,11,run
18/1/2024 16:00,4:03 pm,0:03:00,,,,idle
18/1/2024 16:03,6:03 pm,1:59:47,21,18.9,10.6,run
18/1/2024 18:03,6:24 pm,0:21:06,,,,idle
18/1/2024 18:24,6:35 pm,0:10:23,1,15.7,7.3,run
18/1/2024 18:35,6:47 pm,0:12:16,,,,idle
18/1/2024 18:47,7:26 pm,0:39:19,3,17.3,5.1,run
18/1/2024 19:26,7:29 pm,0:03:00,,,,idle
18/1/2024 19:29,7:46 pm,0:16:32,3,17.8,11.4,run
18/1/2024 19:46,7:58 pm,0:12:32,,,,idle
18/1/2024 19:58,8:00 pm,0:02:00,0,0.5,0.2,run
18/1/2024 20:00,8:26 pm,0:26:00,,,,idle
18/1/2024 20:26,8:29 pm,0:03:00,0.1,4.3,2.5,run
18/1/2024 20:29,8:44 pm,0:15:00,,,,idle
18/1/2024 20:44,8:45 pm,0:01:00,0,0,0.3,run
18/1/2024 20:45,9:01 pm,0:16:00,,,,idle
18/1/2024 21:01,9:06 pm,0:05:00,0.2,4.3,2.1,run
18/1/2024 21:06,9:09 pm,0:03:00,,,,idle
18/1/2024 21:09,10:35 pm,1:25:32,9,17.8,6.5,run
18/1/2024 22:35,10:39 pm,0:04:00,,,,idle
18/1/2024 22:39,11:07 pm,0:28:12,7,17.3,15,run
18/1/2024 23:07,11:11 pm,0:04:00,,,,idle
18/1/2024 23:11,11:59 pm,0:47:52,9,19.4,10.8,run
19/1/2024 0:00,2:37 am,2:37:43,19,19.4,7,run
19/1/2024 2:37,3:37 am,0:59:18,,,,idle
19/1/2024 3:37,4:37 am,1:00:00,0,0,0,run
19/1/2024 4:37,5:37 am,1:00:00,,,,idle
19/1/2024 5:37,6:37 am,1:00:00,0,0,0,run
19/1/2024 6:37,8:08 am,1:30:51,,,,idle
19/1/2024 8:08,8:12 am,0:04:18,0.1,7,2,run
19/1/2024 8:12,8:29 am,0:17:00,,,,idle
19/1/2024 8:29,8:47 am,0:17:57,3,16.7,10.2,run
19/1/2024 8:47,8:52 am,0:05:00,,,,idle
19/1/2024 8:52,9:12 am,0:20:19,3,17.8,9,run
19/1/2024 9:12,9:28 am,0:16:00,,,,idle
19/1/2024 9:28,11:05 am,1:37:15,12,18.4,7.5,run
19/1/2024 11:05,11:09 am,0:04:00,,,,idle
19/1/2024 11:09,12:18 pm,1:08:11,7,17.8,5.8,run
19/1/2024 12:18,12:21 pm,0:03:00,,,,idle
19/1/2024 12:21,12:23 pm,0:02:00,0,1.1,0.4,run
19/1/2024 12:23,12:30 pm,0:07:00,,,,idle
19/1/2024 12:30,1:04 pm,0:34:31,6,17.3,11.2,run
19/1/2024 13:04,1:07 pm,0:03:00,,,,idle
19/1/2024 13:07,1:46 pm,0:38:45,7,18.4,10.8,run
19/1/2024 13:46,1:58 pm,0:12:00,,,,idle
19/1/2024 13:58,2:28 pm,0:30:06,4,17.8,7.1,run
19/1/2024 14:28,2:32 pm,0:04:00,,,,idle
19/1/2024 14:32,2:48 pm,0:16:04,3,18.4,11.4,run
19/1/2024 14:48,2:52 pm,0:04:00,,,,idle
19/1/2024 14:52,6:01 pm,3:08:55,28,19.4,8.8,run
19/1/2024 18:01,6:52 pm,0:50:38,,,,idle
19/1/2024 18:52,7:43 pm,0:51:23,10,18.4,11.5,run
19/1/2024 19:43,7:59 pm,0:16:00,,,,idle
19/1/2024 19:59,8:12 pm,0:13:17,1,17.3,6.5,run
19/1/2024 20:12,8:29 pm,0:17:00,,,,idle
19/1/2024 20:29,8:30 pm,0:01:00,0,0,0.3,run
19/1/2024 20:30,8:44 pm,0:14:00,,,,idle
19/1/2024 20:44,8:45 pm,0:01:00,0,0,0.3,run
19/1/2024 20:45,8:59 pm,0:14:00,,,,idle
19/1/2024 20:59,9:29 pm,0:29:51,6,18.4,11.8,run
19/1/2024 21:29,9:32 pm,0:03:00,,,,idle
19/1/2024 21:32,11:04 pm,1:32:11,22,18.9,14,run
19/1/2024 23:04,11:16 pm,0:12:00,,,,idle
19/1/2024 23:16,11:17 pm,0:01:00,0,0,0.3,run
19/1/2024 23:17,11:59 pm,0:42:00,,,,idle
20/1/2024 0:00,12:34 am,0:34:01,,,,idle
20/1/2024 0:34,12:37 am,0:02:31,0.1,5.9,3.1,run
20/1/2024 0:37,12:40 am,0:03:00,,,,idle
20/1/2024 0:40,4:50 am,4:10:22,18,20,4.4,run
20/1/2024 4:50,5:07 am,0:17:00,,,,idle
20/1/2024 5:07,5:13 am,0:06:00,0,0,0.2,run
20/1/2024 5:13,5:21 am,0:08:00,,,,idle
20/1/2024 5:21,5:22 am,0:01:00,0,0,0.3,run
20/1/2024 5:22,5:29 am,0:07:00,,,,idle
20/1/2024 5:29,5:30 am,0:01:00,0,0,0.3,run
20/1/2024 5:30,5:38 am,0:08:00,,,,idle
20/1/2024 5:38,7:46 am,2:07:51,27,18.9,12.9,run
20/1/2024 7:46,7:49 am,0:03:00,,,,idle
20/1/2024 7:49,7:55 am,0:06:00,0.2,4.3,1.6,run
20/1/2024 7:55,8:30 am,0:35:24,,,,idle
20/1/2024 8:30,8:38 am,0:07:27,0.3,5.9,2.3,run
20/1/2024 8:38,9:27 am,0:49:00,,,,idle
20/1/2024 9:27,9:28 am,0:01:00,0,0,0.3,run
20/1/2024 9:28,9:33 am,0:05:00,,,,idle
20/1/2024 9:33,9:34 am,0:01:00,0,0,0.3,run
20/1/2024 9:34,9:53 am,0:19:00,,,,idle
20/1/2024 9:53,10:59 am,1:05:44,12,18.9,11,run
20/1/2024 10:59,11:14 am,0:15:00,,,,idle
20/1/2024 11:14,11:21 am,0:07:07,0.2,5.9,1.7,run
20/1/2024 11:21,11:54 am,0:33:00,,,,idle
20/1/2024 11:54,12:05 pm,0:10:59,0.4,5.9,2.1,run
20/1/2024 12:05,12:21 pm,0:16:00,,,,idle
20/1/2024 12:21,1:19 pm,0:57:52,11,18.4,10.9,run
20/1/2024 13:19,1:38 pm,0:19:00,,,,idle
20/1/2024 13:38,1:42 pm,0:04:00,0.2,5.4,2.5,run
20/1/2024 13:42,1:45 pm,0:03:00,,,,idle
20/1/2024 13:45,1:50 pm,0:05:00,0,2.7,0.5,run
20/1/2024 13:50,2:41 pm,0:51:00,,,,idle
20/1/2024 14:41,2:42 pm,0:01:00,0,0,0.3,run
20/1/2024 14:42,3:47 pm,1:05:00,,,,idle
20/1/2024 15:47,3:52 pm,0:05:00,0.2,4.9,2.2,run
20/1/2024 15:52,3:55 pm,0:03:00,,,,idle
20/1/2024 15:55,4:53 pm,0:58:39,8,18.4,7.9,run
20/1/2024 16:53,5:13 pm,0:20:00,,,,idle
20/1/2024 17:13,5:14 pm,0:01:00,0,0,0.3,run
20/1/2024 17:14,5:42 pm,0:28:00,,,,idle
20/1/2024 17:42,5:43 pm,0:01:00,0,0,0.3,run
20/1/2024 17:43,5:56 pm,0:13:00,,,,idle
20/1/2024 17:56,6:00 pm,0:04:15,0.2,5.9,2.6,run
20/1/2024 18:00,6:03 pm,0:03:00,,,,idle
20/1/2024 18:03,8:27 pm,2:23:11,22,19.4,9.2,run
20/1/2024 20:27,8:43 pm,0:16:00,,,,idle
20/1/2024 20:43,8:51 pm,0:08:32,1,17.3,8.9,run
20/1/2024 20:51,9:06 pm,0:15:00,,,,idle
20/1/2024 21:06,9:08 pm,0:02:00,0.1,4.9,1.9,run
20/1/2024 21:08,9:12 pm,0:04:00,,,,idle
20/1/2024 21:12,9:18 pm,0:06:00,0.2,4.3,2.4,run
20/1/2024 21:18,9:23 pm,0:05:00,,,,idle
20/1/2024 21:23,9:24 pm,0:01:00,0,0,0.3,run
20/1/2024 21:24,9:39 pm,0:15:00,,,,idle
20/1/2024 21:39,9:40 pm,0:01:00,0,0,0.3,run
20/1/2024 21:40,10:06 pm,0:26:00,,,,idle
20/1/2024 22:06,10:08 pm,0:02:00,0,1.6,0.2,run
20/1/2024 22:08,10:29 pm,0:21:00,,,,idle
20/1/2024 22:29,11:59 pm,1:29:49,11,17.8,7.3,run
21/1/2024 0:00,2:13 am,2:12:56,10,18.4,4.5,run
21/1/2024 2:13,2:18 am,0:05:00,,,,idle
21/1/2024 2:18,8:36 am,6:17:56,28,18.9,4.5,run
21/1/2024 8:36,9:02 am,0:26:00,,,,idle
21/1/2024 9:02,9:03 am,0:01:00,0,0,0.3,run
21/1/2024 9:03,9:19 am,0:16:00,,,,idle
21/1/2024 9:19,9:54 am,0:34:48,7,17.8,12.3,run
21/1/2024 9:54,9:57 am,0:03:00,,,,idle
21/1/2024 9:57,10:36 am,0:39:08,7,18.4,10.9,run
21/1/2024 10:36,10:42 am,0:06:00,,,,idle
21/1/2024 10:42,10:49 am,0:07:14,0.2,5.9,1.5,run
21/1/2024 10:49,11:12 am,0:23:00,,,,idle
21/1/2024 11:12,11:13 am,0:01:00,0,0,0.3,run
21/1/2024 11:13,11:22 am,0:09:00,,,,idle
21/1/2024 11:22,11:23 am,0:01:00,0,0,0.3,run
21/1/2024 11:23,11:31 am,0:08:00,,,,idle
21/1/2024 11:31,12:19 pm,0:48:16,7,18.4,8.1,run
21/1/2024 12:19,12:47 pm,0:28:00,,,,idle
21/1/2024 12:47,12:51 pm,0:04:00,0.2,4.3,2.7,run
21/1/2024 12:51,12:55 pm,0:04:00,,,,idle
21/1/2024 12:55,1:46 pm,0:50:16,9,17.3,10.8,run
21/1/2024 13:46,1:49 pm,0:03:00,,,,idle
21/1/2024 13:49,4:54 pm,3:05:45,36,19.4,11.6,run
21/1/2024 16:54,5:06 pm,0:12:00,,,,idle
21/1/2024 17:06,5:07 pm,0:01:00,0,0,0.1,run
21/1/2024 17:07,5:45 pm,0:38:00,,,,idle
21/1/2024 17:45,6:16 pm,0:30:40,5,18.4,9.4,run
21/1/2024 18:16,6:36 pm,0:20:00,,,,idle
21/1/2024 18:36,8:03 pm,1:27:30,19,20,13.1,run
21/1/2024 20:03,8:31 pm,0:28:00,,,,idle
21/1/2024 20:31,8:41 pm,0:09:43,1,17.8,7.8,run
21/1/2024 20:41,8:59 pm,0:18:00,,,,idle
21/1/2024 20:59,9:07 pm,0:08:00,0.1,2.2,0.7,run
21/1/2024 21:07,9:12 pm,0:05:00,,,,idle
21/1/2024 21:12,11:59 pm,2:46:48,31,18.9,11.3,run
22/1/2024 0:00,2:03 am,2:02:57,9,18.9,4.5,run
22/1/2024 2:03,2:06 am,0:03:00,,,,idle
22/1/2024 2:06,2:13 am,0:07:05,0.2,5.4,1.7,run
22/1/2024 2:13,3:01 am,0:48:00,,,,idle
22/1/2024 3:01,4:45 am,1:43:46,19,20,11,run
22/1/2024 4:45,4:49 am,0:04:00,,,,idle
22/1/2024 4:49,4:54 am,0:05:00,0.2,3.2,2.1,run
22/1/2024 4:54,4:56 am,0:02:16,,,,idle
22/1/2024 4:56,6:56 am,1:59:44,0,0,0,run
22/1/2024 6:56,8:05 am,1:09:13,,,,idle
22/1/2024 8:05,10:07 am,2:02:06,23,18.4,11.1,run
22/1/2024 10:07,10:13 am,0:06:00,,,,idle
22/1/2024 10:13,10:17 am,0:04:00,0,0,0.2,run
22/1/2024 10:17,10:25 am,0:08:00,,,,idle
22/1/2024 10:25,10:26 am,0:01:00,0,0,0.3,run
22/1/2024 10:26,11:19 am,0:53:00,,,,idle
22/1/2024 11:19,1:00 pm,1:40:25,7,18.4,4.2,run
22/1/2024 13:00,2:09 pm,1:09:00,,,,idle
22/1/2024 14:09,2:11 pm,0:02:24,0.1,6.5,3.7,run
22/1/2024 14:11,2:14 pm,0:03:00,,,,idle
22/1/2024 14:14,2:18 pm,0:04:00,0,0,0.1,run
22/1/2024 14:18,2:28 pm,0:10:00,,,,idle
22/1/2024 14:28,2:55 pm,0:26:35,5,17.8,11.4,run
22/1/2024 14:55,2:58 pm,0:03:00,,,,idle
22/1/2024 14:58,4:07 pm,1:09:14,10,18.4,8.5,run
22/1/2024 16:07,4:30 pm,0:23:00,,,,idle
22/1/2024 16:30,4:42 pm,0:12:00,0.4,4.9,1.8,run
22/1/2024 16:42,4:45 pm,0:03:00,,,,idle
22/1/2024 16:45,4:50 pm,0:05:23,0.2,6.5,2.1,run
22/1/2024 16:50,4:53 pm,0:03:00,,,,idle
22/1/2024 16:53,5:17 pm,0:23:39,4,17.8,9.5,run
22/1/2024 17:17,5:20 pm,0:03:00,,,,idle
22/1/2024 17:20,5:46 pm,0:25:59,5,18.4,11.8,run
22/1/2024 17:46,5:58 pm,0:12:00,,,,idle
22/1/2024 17:58,6:09 pm,0:11:10,1,17.8,7.5,run
22/1/2024 18:09,6:16 pm,0:07:00,,,,idle
22/1/2024 18:16,6:17 pm,0:01:00,0,0,0.3,run
22/1/2024 18:17,6:34 pm,0:17:00,,,,idle
22/1/2024 18:34,6:35 pm,0:01:00,0,0,0.3,run
22/1/2024 18:35,6:59 pm,0:24:00,,,,idle
22/1/2024 18:59,8:50 pm,1:51:23,25,20.5,13.7,run
22/1/2024 20:50,8:53 pm,0:03:00,,,,idle
22/1/2024 20:53,8:56 pm,0:03:00,0,1.1,0.4,run
22/1/2024 20:56,9:00 pm,0:04:00,,,,idle
22/1/2024 21:00,9:10 pm,0:09:56,1,18.4,8.4,run
22/1/2024 21:10,9:14 pm,0:04:00,,,,idle
22/1/2024 21:14,10:07 pm,0:52:33,11,18.9,13.1,run
22/1/2024 22:07,10:15 pm,0:08:00,,,,idle
22/1/2024 22:15,10:19 pm,0:04:00,0.1,2.7,1.7,run
22/1/2024 22:19,10:27 pm,0:08:00,,,,idle
22/1/2024 22:27,11:04 pm,0:37:19,7,18.4,11.8,run
22/1/2024 23:04,11:28 pm,0:24:00,,,,idle
22/1/2024 23:28,11:59 pm,0:30:45,5,17.8,9.2,run
23/1/2024 0:00,1:20 am,1:20:04,9,18.4,6.5,run
23/1/2024 1:20,1:25 am,0:04:56,,,,idle
23/1/2024 1:25,1:41 am,0:15:54,2,17.3,8.8,run
23/1/2024 1:41,2:29 am,0:48:00,,,,idle
23/1/2024 2:29,2:30 am,0:01:00,0,0,0.3,run
23/1/2024 2:30,3:49 am,1:19:00,,,,idle
23/1/2024 3:49,3:50 am,0:01:00,0,0,0.3,run
23/1/2024 3:50,3:55 am,0:05:00,,,,idle
23/1/2024 3:55,3:56 am,0:01:00,0,0,0.3,run
23/1/2024 3:56,4:02 am,0:06:00,,,,idle
23/1/2024 4:02,5:45 am,1:43:22,15,20.5,8.5,run
23/1/2024 5:45,6:17 am,0:32:00,,,,idle
23/1/2024 6:17,7:49 am,1:31:58,10,19.4,6.7,run
23/1/2024 7:49,7:55 am,0:06:00,,,,idle
23/1/2024 7:55,7:58 am,0:03:00,0,0,0.2,run
23/1/2024 7:58,8:02 am,0:04:00,,,,idle
23/1/2024 8:02,8:03 am,0:01:00,0,0,0.3,run
23/1/2024 8:03,9:00 am,0:57:00,,,,idle
23/1/2024 9:00,9:44 am,0:43:44,5,17.8,6.9,run
23/1/2024 9:44,9:47 am,0:03:00,,,,idle
23/1/2024 9:47,9:49 am,0:02:00,0,0.5,0.3,run
23/1/2024 9:49,9:53 am,0:04:00,,,,idle
23/1/2024 9:53,10:02 am,0:09:00,0.2,5.4,1.5,run
23/1/2024 10:02,10:22 am,0:20:00,,,,idle
23/1/2024 10:22,11:07 am,0:45:02,8,17.8,10.2,run
23/1/2024 11:07,11:10 am,0:03:00,,,,idle
23/1/2024 11:10,12:54 pm,1:43:56,8,18.4,4.5,run
23/1/2024 12:54,12:56 pm,0:02:00,,,,idle
23/1/2024 12:56,12:59 pm,0:02:51,0.1,6.5,2.8,run
23/1/2024 12:59,1:30 pm,0:31:00,,,,idle
23/1/2024 13:30,1:32 pm,0:02:00,0,2.2,1.3,run
23/1/2024 13:32,1:38 pm,0:06:00,,,,idle
23/1/2024 13:38,3:28 pm,1:50:18,20,18.4,10.8,run
23/1/2024 15:28,3:37 pm,0:09:01,,,,idle
23/1/2024 15:37,3:38 pm,0:01:00,0,0,0.3,run
23/1/2024 15:38,4:08 pm,0:30:00,,,,idle
23/1/2024 16:08,4:10 pm,0:02:00,0,0,0.2,run
23/1/2024 16:10,4:48 pm,0:38:00,,,,idle
23/1/2024 16:48,4:49 pm,0:01:00,0,0,0.3,run
23/1/2024 16:49,4:56 pm,0:07:00,,,,idle
23/1/2024 16:56,5:00 pm,0:03:49,0.1,5.9,2.3,run
23/1/2024 17:00,5:08 pm,0:08:00,,,,idle
23/1/2024 17:08,6:02 pm,0:54:29,5,18.4,5.7,run
23/1/2024 18:02,6:11 pm,0:09:00,,,,idle
23/1/2024 18:11,6:12 pm,0:01:00,0,0,0.3,run
23/1/2024 18:12,6:17 pm,0:05:00,,,,idle
23/1/2024 18:17,6:28 pm,0:11:13,1,17.8,7.9,run
23/1/2024 18:28,6:48 pm,0:20:00,,,,idle
23/1/2024 18:48,6:54 pm,0:05:45,0.2,6.5,1.9,run
23/1/2024 18:54,7:08 pm,0:14:00,,,,idle
23/1/2024 19:08,7:09 pm,0:01:00,0,0,0.5,run
23/1/2024 19:09,7:29 pm,0:20:00,,,,idle
23/1/2024 19:29,7:46 pm,0:17:14,3,16.7,10,run
23/1/2024 19:46,7:49 pm,0:03:00,,,,idle
23/1/2024 19:49,8:18 pm,0:28:04,3,18.4,6.2,run
23/1/2024 20:18,9:06 pm,0:48:00,,,,idle
23/1/2024 21:06,10:13 pm,1:07:17,8,18.4,6.8,run
23/1/2024 22:13,10:18 pm,0:05:00,,,,idle
23/1/2024 22:18,10:22 pm,0:04:36,0.2,5.9,2.1,run
23/1/2024 22:22,10:39 pm,0:17:00,,,,idle
23/1/2024 22:39,11:59 pm,1:19:41,17,18.9,12.5,run
24/1/2024 0:00,12:25 am,0:25:14,6,17.8,13.2,run
24/1/2024 0:25,12:29 am,0:04:00,,,,idle
24/1/2024 0:29,12:31 am,0:02:00,0,0,0.1,run
24/1/2024 0:31,12:34 am,0:03:00,,,,idle
24/1/2024 0:34,4:30 am,3:55:41,35,19.4,8.9,run
24/1/2024 4:30,4:51 am,0:21:00,,,,idle
24/1/2024 4:51,4:55 am,0:04:00,0.2,5.4,2.5,run
24/1/2024 4:55,5:00 am,0:05:00,,,,idle
24/1/2024 5:00,5:01 am,0:01:00,0,0,0.4,run
24/1/2024 5:01,5:13 am,0:12:00,,,,idle
24/1/2024 5:13,6:01 am,0:47:37,11,20.5,13.9,run
24/1/2024 6:01,6:04 am,0:03:00,,,,idle
24/1/2024 6:04,6:05 am,0:01:00,0,0,0.1,run
24/1/2024 6:05,6:09 am,0:04:00,,,,idle
24/1/2024 6:09,6:37 am,0:28:48,3,15.7,6.6,run
24/1/2024 6:37,6:42 am,0:05:00,,,,idle
24/1/2024 6:42,6:49 am,0:07:00,0,0,0.1,run
24/1/2024 6:49,6:53 am,0:04:00,,,,idle
24/1/2024 6:53,7:35 am,0:41:42,8,18.4,12.1,run
24/1/2024 7:35,7:38 am,0:03:00,,,,idle
24/1/2024 7:38,8:34 am,0:55:55,9,18.4,9.9,run
24/1/2024 8:34,8:37 am,0:03:00,,,,idle
24/1/2024 8:37,10:44 am,2:07:11,24,19.4,11.5,run
24/1/2024 10:44,10:48 am,0:04:00,,,,idle
24/1/2024 10:48,11:23 am,0:34:46,3,18.4,6,run
24/1/2024 11:23,11:58 am,0:34:56,,,,idle
24/1/2024 11:58,12:00 pm,0:02:00,0,0.5,0.8,run
24/1/2024 12:00,12:29 pm,0:29:16,,,,idle
24/1/2024 12:29,1:55 pm,1:26:10,3,17.8,2.4,run
24/1/2024 13:55,1:59 pm,0:04:00,,,,idle
24/1/2024 13:59,3:40 pm,1:40:31,22,18.4,13.1,run
24/1/2024 15:40,3:55 pm,0:14:58,,,,idle
24/1/2024 15:55,4:01 pm,0:06:40,0.5,11.3,4.5,run
24/1/2024 16:01,4:05 pm,0:04:00,,,,idle
24/1/2024 16:05,5:53 pm,1:47:23,10,17.8,5.5,run
24/1/2024 17:53,5:58 pm,0:05:00,,,,idle
24/1/2024 17:58,8:11 pm,2:13:27,37,18.9,16.6,run
24/1/2024 20:11,8:15 pm,0:04:00,,,,idle
24/1/2024 20:15,8:36 pm,0:20:15,3,17.3,8.8,run
24/1/2024 20:36,8:39 pm,0:03:00,,,,idle
24/1/2024 20:39,8:41 pm,0:02:00,0,0.5,0.1,run
24/1/2024 20:41,8:45 pm,0:04:00,,,,idle
24/1/2024 20:45,9:03 pm,0:18:23,3,17.8,9.4,run
24/1/2024 21:03,9:07 pm,0:04:00,,,,idle
24/1/2024 21:07,9:08 pm,0:01:00,0,0,1,run
24/1/2024 21:08,9:11 pm,0:03:00,,,,idle
24/1/2024 21:11,9:15 pm,0:04:25,0.2,5.9,2.5,run
24/1/2024 21:15,9:44 pm,0:29:00,,,,idle
24/1/2024 21:44,9:47 pm,0:03:00,0.1,5.9,2.4,run
24/1/2024 21:47,9:57 pm,0:10:00,,,,idle
24/1/2024 21:57,10:01 pm,0:03:32,0.1,5.9,2.2,run
24/1/2024 22:01,10:37 pm,0:36:00,,,,idle
24/1/2024 22:37,10:38 pm,0:01:00,0,0,0.4,run
24/1/2024 22:38,11:59 pm,1:21:00,,,,idle
25/1/2024 0:00,12:43 am,0:43:00,,,,idle
25/1/2024 0:43,12:44 am,0:01:00,0,0,0.3,run
25/1/2024 0:44,12:55 am,0:11:00,,,,idle
25/1/2024 0:55,12:59 am,0:04:00,0.2,4.9,2.5,run
25/1/2024 0:59,1:07 am,0:08:00,,,,idle
25/1/2024 1:07,2:54 am,1:47:36,17,17.8,9.6,run
25/1/2024 2:54,2:58 am,0:04:00,,,,idle
25/1/2024 2:58,2:59 am,0:01:00,0,0,0.3,run
25/1/2024 2:59,3:36 am,0:37:00,,,,idle
25/1/2024 3:36,3:37 am,0:01:00,0,0,0.3,run
25/1/2024 3:37,3:45 am,0:08:00,,,,idle
25/1/2024 3:45,3:46 am,0:01:00,0,0,0.3,run
25/1/2024 3:46,5:01 am,1:15:00,,,,idle
25/1/2024 5:01,5:02 am,0:01:00,0,0,0.3,run
25/1/2024 5:02,5:42 am,0:40:00,,,,idle
25/1/2024 5:42,5:43 am,0:01:00,0,0,0.3,run
25/1/2024 5:43,6:37 am,0:54:00,,,,idle
25/1/2024 6:37,6:39 am,0:02:00,0.1,5.4,4.5,run
25/1/2024 6:39,6:43 am,0:04:00,,,,idle
25/1/2024 6:43,7:22 am,0:38:47,6,18.4,10,run
25/1/2024 7:22,7:28 am,0:06:00,,,,idle
25/1/2024 7:28,8:45 am,1:16:40,14,18.4,11.2,run
25/1/2024 8:45,9:00 am,0:15:00,,,,idle
25/1/2024 9:00,9:02 am,0:02:00,0,0,0.3,run
25/1/2024 9:02,9:22 am,0:20:00,,,,idle
25/1/2024 9:22,9:32 am,0:10:15,0.2,6.5,1.3,run
25/1/2024 9:32,9:42 am,0:10:00,,,,idle
25/1/2024 9:42,9:51 am,0:08:53,0.2,6.5,1.1,run
25/1/2024 9:51,9:57 am,0:06:00,,,,idle
25/1/2024 9:57,10:34 am,0:36:53,6,17.8,9.7,run
25/1/2024 10:34,10:56 am,0:22:00,,,,idle
25/1/2024 10:56,11:01 am,0:04:58,0.2,7,1.8,run
25/1/2024 11:01,11:21 am,0:19:57,,,,idle
25/1/2024 11:21,11:23 am,0:02:00,0,1.1,0.9,run
25/1/2024 11:23,11:45 am,0:22:17,,,,idle
25/1/2024 11:45,11:49 am,0:04:10,0.2,7.6,2.4,run
25/1/2024 11:49,12:05 pm,0:16:00,,,,idle
25/1/2024 12:05,1:25 pm,1:20:12,15,18.4,10.9,run
25/1/2024 13:25,1:30 pm,0:04:19,,,,idle
25/1/2024 13:30,2:02 pm,0:32:20,0,0,0,run
25/1/2024 14:02,2:04 pm,0:02:00,,,,idle
25/1/2024 14:04,3:06 pm,1:02:14,5,17.8,4.8,run
25/1/2024 15:06,3:12 pm,0:06:00,,,,idle
25/1/2024 15:12,6:43 pm,3:31:05,31,18.4,8.8,run
25/1/2024 18:43,7:53 pm,1:09:47,,,,idle
25/1/2024 19:53,8:15 pm,0:21:28,1,16.2,3.8,run
25/1/2024 20:15,8:31 pm,0:16:00,,,,idle
25/1/2024 20:31,8:44 pm,0:13:46,1,14,5.5,run
25/1/2024 20:44,8:53 pm,0:09:00,,,,idle
25/1/2024 20:53,8:58 pm,0:04:07,0.1,6.5,2.1,run
25/1/2024 20:58,9:47 pm,0:49:47,,,,idle
25/1/2024 21:47,10:47 pm,0:59:13,0,0,0,run
25/1/2024 22:47,11:46 pm,0:59:31,,,,idle
25/1/2024 23:46,11:52 pm,0:06:24,0.3,7,3.2,run
25/1/2024 23:52,11:59 pm,0:07:00,,,,idle
26/1/2024 0:00,12:15 am,0:15:00,,,,idle
26/1/2024 0:15,1:09 am,0:53:59,8,17.3,9.3,run
26/1/2024 1:09,1:12 am,0:03:00,,,,idle
26/1/2024 1:12,4:24 am,3:11:14,35,18.4,10.8,run
26/1/2024 4:24,5:31 am,1:07:00,,,,idle
26/1/2024 5:31,5:32 am,0:01:00,0,0,0.3,run
26/1/2024 5:32,5:38 am,0:06:00,,,,idle
26/1/2024 5:38,5:40 am,0:02:25,0.2,6.5,4.2,run
26/1/2024 5:40,5:44 am,0:04:00,,,,idle
26/1/2024 5:44,8:13 am,2:28:36,26,19.4,10.4,run
26/1/2024 8:13,8:25 am,0:12:00,,,,idle
26/1/2024 8:25,8:26 am,0:01:00,0,0,0.2,run
26/1/2024 8:26,8:38 am,0:12:00,,,,idle
26/1/2024 8:38,8:41 am,0:03:38,0.2,7,2.8,run
26/1/2024 8:41,8:46 am,0:05:00,,,,idle
26/1/2024 8:46,9:08 am,0:21:56,3,17.8,9.3,run
26/1/2024 9:08,9:13 am,0:05:00,,,,idle
26/1/2024 9:13,9:14 am,0:01:00,0,0,0.2,run
26/1/2024 9:14,9:23 am,0:09:00,,,,idle
26/1/2024 9:23,10:26 am,1:02:24,9,18.4,8.8,run
26/1/2024 10:26,10:45 am,0:19:00,,,,idle
26/1/2024 10:45,11:20 am,0:35:16,4,17.3,6,run
26/1/2024 11:20,11:27 am,0:07:00,,,,idle
26/1/2024 11:27,11:33 am,0:06:00,0,0.5,0.1,run
26/1/2024 11:33,11:37 am,0:04:00,,,,idle
26/1/2024 11:37,11:56 am,0:19:15,3,18.9,8.9,run
26/1/2024 11:56,12:00 pm,0:04:00,,,,idle
26/1/2024 12:00,12:05 pm,0:05:00,0.2,4.9,1.9,run
26/1/2024 12:05,1:35 pm,1:30:00,,,,idle
26/1/2024 13:35,2:18 pm,0:43:11,0,0,0,run
26/1/2024 14:18,3:22 pm,1:04:01,,,,idle
26/1/2024 15:22,3:27 pm,0:04:19,0.2,5.9,2.2,run
26/1/2024 15:27,3:35 pm,0:08:00,,,,idle
26/1/2024 15:35,3:38 pm,0:03:17,0.1,5.9,2.5,run
26/1/2024 15:38,4:10 pm,0:32:00,,,,idle
26/1/2024 16:10,5:03 pm,0:53:01,12,18.4,13.3,run
26/1/2024 17:03,5:07 pm,0:04:00,,,,idle
26/1/2024 17:07,5:09 pm,0:02:00,0,0,0.1,run
26/1/2024 17:09,5:12 pm,0:03:00,,,,idle
26/1/2024 17:12,6:02 pm,0:50:00,12,17.8,14,run
26/1/2024 18:02,6:15 pm,0:13:00,,,,idle
26/1/2024 18:15,7:17 pm,1:01:31,9,18.4,9.1,run
26/1/2024 19:17,7:20 pm,0:03:00,,,,idle
26/1/2024 19:20,7:41 pm,0:21:23,4,17.8,10.2,run
26/1/2024 19:41,7:56 pm,0:15:00,,,,idle
26/1/2024 19:56,10:21 pm,2:24:52,23,18.4,9.6,run
26/1/2024 22:21,10:34 pm,0:13:00,,,,idle
26/1/2024 22:34,11:59 pm,1:25:02,21,18.9,15.1,run
27/1/2024 0:00,12:28 am,0:28:43,6,18.4,12.1,run
27/1/2024 0:28,12:36 am,0:08:00,,,,idle
27/1/2024 0:36,2:30 am,1:53:39,17,18.4,8.8,run
27/1/2024 2:30,6:56 am,4:25:31,,,,idle
27/1/2024 6:56,8:09 am,1:13:15,14,18.9,11.7,run
27/1/2024 8:09,8:11 am,0:02:39,,,,idle
27/1/2024 8:11,8:30 am,0:18:33,0,0,0,run
27/1/2024 8:30,8:32 am,0:02:00,,,,idle
27/1/2024 8:32,8:38 am,0:06:24,0.2,5.9,1.9,run
27/1/2024 8:38,8:51 am,0:13:00,,,,idle
27/1/2024 8:51,9:38 am,0:46:58,9,18.4,11.1,run
27/1/2024 9:38,9:51 am,0:13:00,,,,idle
27/1/2024 9:51,9:52 am,0:01:00,0,0,0.3,run
27/1/2024 9:52,10:29 am,0:36:38,,,,idle
27/1/2024 10:29,1:12 pm,2:42:36,34,18.4,12.4,run
27/1/2024 13:12,1:21 pm,0:09:00,,,,idle
27/1/2024 13:21,1:22 pm,0:01:00,0,0,0.3,run
27/1/2024 13:22,1:25 pm,0:03:00,,,,idle
27/1/2024 13:25,2:04 pm,0:39:08,8,18.9,12.4,run
27/1/2024 14:04,3:01 pm,0:57:01,,,,idle
27/1/2024 15:01,3:48 pm,0:47:01,6,17.8,7.7,run
27/1/2024 15:48,4:13 pm,0:25:00,,,,idle
27/1/2024 16:13,4:20 pm,0:07:06,0.3,5.9,2.8,run
27/1/2024 16:20,4:50 pm,0:30:00,,,,idle
27/1/2024 16:50,4:51 pm,0:01:00,0,0,0.2,run
27/1/2024 16:51,5:01 pm,0:10:16,,,,idle
27/1/2024 17:01,6:00 pm,0:59:11,0,0,0,run
27/1/2024 18:00,6:09 pm,0:09:00,,,,idle
27/1/2024 18:09,6:10 pm,0:01:00,0,0,0.3,run
27/1/2024 18:10,6:19 pm,0:09:00,,,,idle
27/1/2024 18:19,6:20 pm,0:01:00,0,0,0.3,run
27/1/2024 18:20,7:02 pm,0:42:00,,,,idle
27/1/2024 19:02,7:03 pm,0:01:00,0,0,0.3,run
27/1/2024 19:03,7:17 pm,0:14:00,,,,idle
27/1/2024 19:17,8:43 pm,1:25:31,11,18.4,7.5,run
27/1/2024 20:43,8:46 pm,0:03:00,,,,idle
27/1/2024 20:46,9:29 pm,0:43:24,10,17.8,14.4,run
27/1/2024 21:29,9:44 pm,0:15:00,,,,idle
27/1/2024 21:44,9:57 pm,0:12:30,1,18.4,6.2,run
27/1/2024 21:57,10:04 pm,0:07:00,,,,idle
27/1/2024 22:04,10:05 pm,0:01:00,0,0,0.3,run
27/1/2024 22:05,10:11 pm,0:06:00,,,,idle
27/1/2024 22:11,10:41 pm,0:30:36,0.1,3.8,0.2,run
27/1/2024 22:41,11:47 pm,1:05:37,,,,idle
27/1/2024 23:47,11:49 pm,0:02:11,0.1,7.6,4.1,run
27/1/2024 23:49,11:56 pm,0:07:00,,,,idle
27/1/2024 23:56,11:59 pm,0:03:20,0.3,9.7,4.8,run
28/1/2024 0:00,1:04 am,1:04:21,15,18.4,14,run
28/1/2024 1:04,1:07 am,0:03:01,,,,idle
28/1/2024 1:07,2:38 am,1:31:17,12,18.9,8,run
28/1/2024 2:38,2:41 am,0:02:29,,,,idle
28/1/2024 2:41,5:19 am,2:38:06,11,17.8,4.3,run
28/1/2024 5:19,5:23 am,0:04:00,,,,idle
28/1/2024 5:23,5:27 am,0:04:00,0,0.5,0.1,run
28/1/2024 5:27,5:31 am,0:04:00,,,,idle
28/1/2024 5:31,6:22 am,0:51:29,9,17.3,10.7,run
28/1/2024 6:22,6:39 am,0:16:24,,,,idle
28/1/2024 6:39,7:46 am,1:07:00,0.2,3.8,0.2,run
28/1/2024 7:46,8:09 am,0:23:41,,,,idle
28/1/2024 8:09,8:16 am,0:07:00,0.2,4.9,1.7,run
28/1/2024 8:16,8:19 am,0:03:00,,,,idle
28/1/2024 8:19,9:20 am,1:01:02,12,17.8,12.2,run
28/1/2024 9:20,9:23 am,0:03:00,,,,idle
28/1/2024 9:23,9:29 am,0:05:07,0.2,5.9,2.7,run
28/1/2024 9:29,9:52 am,0:23:00,,,,idle
28/1/2024 9:52,9:57 am,0:05:31,0.2,5.9,2.1,run
28/1/2024 9:57,10:03 am,0:06:00,,,,idle
28/1/2024 10:03,11:20 am,1:17:07,13,17.8,10.1,run
28/1/2024 11:20,11:23 am,0:03:00,,,,idle
28/1/2024 11:23,11:24 am,0:01:00,0,0,0.3,run
28/1/2024 11:24,11:46 am,0:22:00,,,,idle
28/1/2024 11:46,11:47 am,0:01:00,0,0,0.3,run
28/1/2024 11:47,12:04 pm,0:17:00,,,,idle
28/1/2024 12:04,12:05 pm,0:01:00,0,0,0.3,run
28/1/2024 12:05,12:22 pm,0:17:00,,,,idle
28/1/2024 12:22,12:25 pm,0:02:52,0.2,6.5,3.1,run
28/1/2024 12:25,12:28 pm,0:03:00,,,,idle
28/1/2024 12:28,12:59 pm,0:30:40,6,18.4,11.5,run
28/1/2024 12:59,1:47 pm,0:48:00,,,,idle
28/1/2024 13:47,1:48 pm,0:01:00,0,0,0.3,run
28/1/2024 13:48,1:58 pm,0:10:00,,,,idle
28/1/2024 13:58,2:01 pm,0:03:26,0.2,6.5,2.8,run
28/1/2024 14:01,2:05 pm,0:04:00,,,,idle
28/1/2024 14:05,2:07 pm,0:02:00,0,2.2,0.5,run
28/1/2024 14:07,2:11 pm,0:04:00,,,,idle
28/1/2024 14:11,3:21 pm,1:09:57,11,17.8,9.4,run
28/1/2024 15:21,3:46 pm,0:25:00,,,,idle
28/1/2024 15:46,3:48 pm,0:02:00,0,0,0.2,run
28/1/2024 15:48,3:57 pm,0:09:00,,,,idle
28/1/2024 15:57,3:58 pm,0:01:00,0,0,0.3,run
28/1/2024 15:58,4:22 pm,0:24:00,,,,idle
28/1/2024 16:22,5:05 pm,0:42:43,2,17.3,2.6,run
28/1/2024 17:05,5:09 pm,0:04:00,,,,idle
28/1/2024 17:09,5:47 pm,0:37:44,9,17.8,14.6,run
28/1/2024 17:47,5:51 pm,0:04:00,,,,idle
28/1/2024 17:51,5:52 pm,0:01:00,0,0,0.2,run
28/1/2024 17:52,6:00 pm,0:08:00,,,,idle
28/1/2024 18:00,6:04 pm,0:04:15,0.2,5.9,3,run
28/1/2024 18:04,6:12 pm,0:08:00,,,,idle
28/1/2024 18:12,6:20 pm,0:08:15,1,17.8,8.8,run
28/1/2024 18:20,6:34 pm,0:14:00,,,,idle
28/1/2024 18:34,6:43 pm,0:08:30,1,17.8,8.8,run
28/1/2024 18:43,7:07 pm,0:24:00,,,,idle
28/1/2024 19:07,7:10 pm,0:03:42,0.2,7.6,2.9,run
28/1/2024 19:10,7:18 pm,0:08:00,,,,idle
28/1/2024 19:18,7:46 pm,0:28:15,7,18.4,14.3,run
28/1/2024 19:46,7:49 pm,0:03:00,,,,idle
28/1/2024 19:49,8:49 pm,0:59:06,10,17.8,10.5,run
28/1/2024 20:49,9:06 pm,0:17:00,,,,idle
28/1/2024 21:06,9:07 pm,0:01:00,0,0,0.3,run
28/1/2024 21:07,9:16 pm,0:09:00,,,,idle
28/1/2024 21:16,10:12 pm,0:56:23,12,18.4,13,run
28/1/2024 22:12,10:33 pm,0:21:00,,,,idle
28/1/2024 22:33,10:36 pm,0:03:00,0,0,0.2,run
28/1/2024 22:36,10:51 pm,0:15:00,,,,idle
28/1/2024 22:51,11:59 pm,1:08:20,14,17.8,12.5,run
29/1/2024 0:00,12:49 am,0:48:24,14,18.4,16.8,run
29/1/2024 0:49,1:40 am,0:51:00,,,,idle
29/1/2024 1:40,2:48 am,1:08:48,13,18.4,11.4,run
29/1/2024 2:48,2:51 am,0:03:00,,,,idle
29/1/2024 2:51,2:52 am,0:01:00,0,0,0.3,run
29/1/2024 2:52,4:01 am,1:09:00,,,,idle
29/1/2024 4:01,4:02 am,0:01:00,0,0,0.3,run
29/1/2024 4:02,4:21 am,0:19:00,,,,idle
29/1/2024 4:21,4:22 am,0:01:00,0,0,0.3,run
29/1/2024 4:22,4:47 am,0:25:00,,,,idle
29/1/2024 4:47,5:56 am,1:08:08,9,18.4,8,run
29/1/2024 5:56,7:16 am,1:20:00,,,,idle
29/1/2024 7:16,8:01 am,0:45:49,8,18.4,10.9,run
29/1/2024 8:01,8:58 am,0:57:00,,,,idle
29/1/2024 8:58,9:06 am,0:07:40,0.3,5.9,2.3,run
29/1/2024 9:06,9:22 am,0:16:00,,,,idle
29/1/2024 9:22,9:23 am,0:01:00,0,0,0.3,run
29/1/2024 9:23,9:29 am,0:06:00,,,,idle
29/1/2024 9:29,9:30 am,0:01:00,0,0,0.3,run
29/1/2024 9:30,9:52 am,0:22:00,,,,idle
29/1/2024 9:52,9:53 am,0:01:00,0,0,0.3,run
29/1/2024 9:53,10:05 am,0:12:00,,,,idle
29/1/2024 10:05,10:10 am,0:05:00,0.2,4.9,1.8,run
29/1/2024 10:10,10:18 am,0:08:00,,,,idle
29/1/2024 10:18,10:37 am,0:19:18,2,17.8,5.8,run
29/1/2024 10:37,10:55 am,0:18:00,,,,idle
29/1/2024 10:55,10:56 am,0:01:00,0,0,0.3,run
29/1/2024 10:56,11:12 am,0:16:00,,,,idle
29/1/2024 11:12,11:17 am,0:05:00,0,1.1,0.2,run
29/1/2024 11:17,11:22 am,0:05:00,,,,idle
29/1/2024 11:22,11:23 am,0:01:00,0,0,0.3,run
29/1/2024 11:23,11:34 am,0:11:00,,,,idle
29/1/2024 11:34,11:37 am,0:03:03,0.2,7,3.4,run
29/1/2024 11:37,11:42 am,0:05:00,,,,idle
29/1/2024 11:42,12:06 pm,0:23:21,3,18.4,8.2,run
29/1/2024 12:06,12:29 pm,0:23:00,,,,idle
29/1/2024 12:29,2:20 pm,1:50:50,17,19.4,9,run
29/1/2024 14:20,2:29 pm,0:09:00,,,,idle
29/1/2024 14:29,3:30 pm,1:01:16,6,18.4,5.4,run
29/1/2024 15:30,3:33 pm,0:03:00,,,,idle
29/1/2024 15:33,3:34 pm,0:01:00,0,0,0.3,run
29/1/2024 15:34,3:41 pm,0:07:00,,,,idle
29/1/2024 15:41,3:42 pm,0:01:00,0,0,0.2,run
29/1/2024 15:42,3:57 pm,0:15:00,,,,idle
29/1/2024 15:57,4:00 pm,0:03:00,0,0,0.2,run
29/1/2024 16:00,4:10 pm,0:10:00,,,,idle
29/1/2024 16:10,4:54 pm,0:43:37,3,18.4,3.9,run
29/1/2024 16:54,5:00 pm,0:06:00,,,,idle
29/1/2024 17:00,5:04 pm,0:04:39,0.1,5.9,1.9,run
29/1/2024 17:04,5:09 pm,0:05:00,,,,idle
29/1/2024 17:09,5:12 pm,0:03:00,0,0,0.2,run
29/1/2024 17:12,5:20 pm,0:08:00,,,,idle
29/1/2024 17:20,5:22 pm,0:02:00,0,0,0.3,run
29/1/2024 17:22,5:26 pm,0:04:00,,,,idle
29/1/2024 17:26,5:27 pm,0:01:00,0,0,0.3,run
29/1/2024 17:27,5:47 pm,0:20:00,,,,idle
29/1/2024 17:47,5:48 pm,0:01:00,0,0,0.3,run
29/1/2024 17:48,6:04 pm,0:16:00,,,,idle
29/1/2024 18:04,6:05 pm,0:01:00,0,0,0.3,run
29/1/2024 18:05,6:17 pm,0:12:00,,,,idle
29/1/2024 18:17,6:24 pm,0:06:42,1,18.4,11,run
29/1/2024 18:24,6:38 pm,0:14:00,,,,idle
29/1/2024 18:38,6:46 pm,0:08:01,1,17.3,10.1,run
29/1/2024 18:46,7:19 pm,0:33:00,,,,idle
29/1/2024 19:19,7:47 pm,0:28:17,7,18.4,14.8,run
29/1/2024 19:47,7:52 pm,0:05:00,,,,idle
29/1/2024 19:52,8:37 pm,0:44:26,7,17.8,10,run
29/1/2024 20:37,8:43 pm,0:06:00,,,,idle
29/1/2024 20:43,11:03 pm,2:20:25,20,18.9,8.4,run
29/1/2024 23:03,11:11 pm,0:08:00,,,,idle
29/1/2024 23:11,11:12 pm,0:01:00,0,0,0.3,run
29/1/2024 23:12,11:59 pm,0:47:00,,,,idle
30/1/2024 0:00,12:07 am,0:07:00,,,,idle
30/1/2024 0:07,12:08 am,0:01:00,0,0,0.3,run
30/1/2024 0:08,12:51 am,0:43:00,,,,idle
30/1/2024 0:51,1:00 am,0:09:29,0.3,5.9,2.2,run
30/1/2024 1:00,1:08 am,0:08:00,,,,idle
30/1/2024 1:08,1:09 am,0:01:00,0,0,0.3,run
30/1/2024 1:09,2:23 am,1:14:00,,,,idle
30/1/2024 2:23,2:24 am,0:01:00,0,0,0.3,run
30/1/2024 2:24,2:55 am,0:31:00,,,,idle
30/1/2024 2:55,2:56 am,0:01:00,0,0,0.3,run
30/1/2024 2:56,4:12 am,1:16:00,,,,idle
30/1/2024 4:12,4:13 am,0:01:00,0,0,0.3,run
30/1/2024 4:13,6:02 am,1:49:00,,,,idle
30/1/2024 6:02,8:52 am,2:49:21,31,18.9,10.9,run
30/1/2024 8:52,8:57 am,0:05:00,,,,idle
30/1/2024 8:57,9:03 am,0:05:49,0.3,5.9,2.8,run
30/1/2024 9:03,9:16 am,0:13:00,,,,idle
30/1/2024 9:16,9:19 am,0:03:00,0.1,5.4,2.8,run
30/1/2024 9:19,9:31 am,0:12:00,,,,idle
30/1/2024 9:31,9:32 am,0:01:00,0,0,0.2,run
30/1/2024 9:32,9:48 am,0:16:00,,,,idle
30/1/2024 9:48,10:21 am,0:33:13,7,17.3,13.3,run
30/1/2024 10:21,10:25 am,0:04:00,,,,idle
30/1/2024 10:25,11:04 am,0:39:16,7,18.9,11.3,run
30/1/2024 11:04,11:07 am,0:03:00,,,,idle
30/1/2024 11:07,11:08 am,0:01:00,0,0,0.3,run
30/1/2024 11:08,11:31 am,0:23:00,,,,idle
30/1/2024 11:31,11:47 am,0:15:22,2,16.7,7.8,run
30/1/2024 11:47,11:52 am,0:05:57,,,,idle
30/1/2024 11:52,11:57 am,0:04:24,0.1,6.5,1.9,run
30/1/2024 11:57,2:02 pm,2:05:00,,,,idle
30/1/2024 14:02,5:50 pm,3:47:42,30,18.9,8,run
30/1/2024 17:50,6:04 pm,0:14:33,,,,idle
30/1/2024 18:04,7:24 pm,1:20:20,18,19.4,13.2,run
30/1/2024 19:24,7:38 pm,0:13:35,,,,idle
30/1/2024 19:38,7:58 pm,0:19:50,2,17.8,6.7,run
30/1/2024 19:58,8:04 pm,0:06:00,,,,idle
30/1/2024 20:04,9:14 pm,1:09:50,11,18.9,9.4,run
30/1/2024 21:14,9:17 pm,0:03:00,,,,idle
30/1/2024 21:17,9:59 pm,0:41:52,10,17.8,15,run
30/1/2024 21:59,10:02 pm,0:03:00,,,,idle
30/1/2024 22:02,11:32 pm,1:29:59,21,19.4,13.9,run
30/1/2024 23:32,11:59 pm,0:27:00,,,,idle
31/1/2024 0:00,12:08 am,0:08:00,,,,idle
31/1/2024 0:08,2:25 am,2:17:43,21,18.9,9.4,run
31/1/2024 2:25,2:51 am,0:26:00,,,,idle
31/1/2024 2:51,4:03 am,1:11:25,13,18.9,11,run
31/1/2024 4:03,4:09 am,0:06:00,,,,idle
31/1/2024 4:09,4:10 am,0:01:00,0,0,0.3,run
31/1/2024 4:10,4:37 am,0:27:00,,,,idle
31/1/2024 4:37,4:38 am,0:01:00,0,0,0.3,run
31/1/2024 4:38,5:19 am,0:41:00,,,,idle
31/1/2024 5:19,5:20 am,0:01:00,0,0,0.3,run
31/1/2024 5:20,6:07 am,0:47:00,,,,idle
31/1/2024 6:07,6:08 am,0:01:00,0,0,0.3,run
31/1/2024 6:08,6:16 am,0:08:00,,,,idle
31/1/2024 6:16,7:51 am,1:35:43,21,18.4,12.9,run
31/1/2024 7:51,8:34 am,0:43:00,,,,idle
31/1/2024 8:34,8:36 am,0:02:00,0,1.1,0.3,run
31/1/2024 8:36,8:47 am,0:11:00,,,,idle
31/1/2024 8:47,9:01 am,0:13:39,1,18.4,6,run
31/1/2024 9:01,9:05 am,0:04:00,,,,idle
31/1/2024 9:05,9:06 am,0:01:00,0,0,0.3,run
31/1/2024 9:06,9:57 am,0:51:00,,,,idle
31/1/2024 9:57,9:58 am,0:01:00,0,0,0.3,run
31/1/2024 9:58,10:06 am,0:08:00,,,,idle
31/1/2024 10:06,10:07 am,0:01:00,0,0,0.3,run
31/1/2024 10:07,10:24 am,0:17:00,,,,idle
31/1/2024 10:24,10:25 am,0:01:00,0,0,0.3,run
31/1/2024 10:25,10:29 am,0:04:00,,,,idle
31/1/2024 10:29,11:06 am,0:37:00,3,18.4,5.1,run
31/1/2024 11:06,12:06 pm,0:59:42,,,,idle
31/1/2024 12:06,2:02 pm,1:56:30,0.2,5.9,0.1,run
31/1/2024 14:02,2:13 pm,0:11:00,,,,idle
31/1/2024 14:13,2:59 pm,0:45:20,8,17.3,10.1,run
31/1/2024 14:59,3:06 pm,0:07:00,,,,idle
31/1/2024 15:06,3:42 pm,0:36:27,8,18.4,13.3,run
31/1/2024 15:42,3:45 pm,0:03:00,,,,idle
31/1/2024 15:45,3:48 pm,0:03:00,0,2.2,0.7,run
31/1/2024 15:48,3:57 pm,0:09:00,,,,idle
31/1/2024 15:57,4:59 pm,1:01:37,7,17.8,6.6,run
31/1/2024 16:59,5:03 pm,0:04:00,,,,idle
31/1/2024 17:03,6:25 pm,1:22:44,16,18.4,11.6,run
31/1/2024 18:25,6:29 pm,0:04:00,,,,idle
31/1/2024 18:29,6:31 pm,0:02:00,0,0.5,0.3,run
31/1/2024 18:31,6:38 pm,0:07:00,,,,idle
31/1/2024 18:38,7:33 pm,0:54:19,10,17.8,10.9,run
31/1/2024 19:33,7:36 pm,0:03:00,,,,idle
31/1/2024 19:36,7:59 pm,0:23:24,6,17.8,14.8,run
31/1/2024 19:59,8:03 pm,0:04:00,,,,idle
31/1/2024 20:03,8:06 pm,0:03:17,0.2,7.6,3.4,run
31/1/2024 20:06,8:56 pm,0:50:00,,,,idle
31/1/2024 20:56,8:57 pm,0:01:00,0,0,0.3,run
31/1/2024 20:57,9:17 pm,0:20:00,,,,idle
31/1/2024 21:17,9:18 pm,0:01:00,0,0,0.3,run
31/1/2024 21:18,9:21 pm,0:03:00,,,,idle
31/1/2024 21:21,10:50 pm,1:28:40,16,18.9,10.9,run
31/1/2024 22:50,11:43 pm,0:53:00,,,,idle
31/1/2024 23:43,11:44 pm,0:01:00,0,0,0.3,run
31/1/2024 23:44,11:59 pm,0:15:00,,,,idle
